"Date(UTC)","Pair","Side","Price","Executed","Amount","Fee"
"2021-12-31 19:14:19","TLMUSDT","BUY","0.2090000000","85.0000000000TLM","17.76500000USDT","0.0850000000TLM"
"2021-12-31 17:53:08","LINAUSDT","SELL","0.0438800000","408.9700000000LINA","17.94560360USDT","0.0179456000USDT"
"2021-12-31 16:54:19","LINAUSDT","BUY","0.0445200000","409.3800000000LINA","18.22559760USDT","0.4093800000LINA"
"2021-12-31 16:54:14","LINAUSDT","SELL","0.0445200000","409.7900000000LINA","18.24385080USDT","0.0182438500USDT"
"2021-12-31 16:54:06","LINAUSDT","BUY","0.0445200000","410.2000000000LINA","18.26210400USDT","0.4102000000LINA"
"2021-12-31 16:53:41","LINAUSDT","SELL","0.0444700000","411.0700000000LINA","18.28028290USDT","0.0182802800USDT"
"2021-12-31 16:53:08","LINAUSDT","BUY","0.0446200000","411.4800000000LINA","18.36023760USDT","0.4114800000LINA"
"2021-12-31 16:52:58","LINAUSDT","SELL","0.0446200000","411.8900000000LINA","18.37853180USDT","0.0183785300USDT"
"2021-12-31 16:52:20","LINAUSDT","BUY","0.0446600000","412.3000000000LINA","18.41331800USDT","0.4123000000LINA"
"2021-12-31 16:52:15","LINAUSDT","SELL","0.0446400000","412.9000000000LINA","18.43185600USDT","0.0184318600USDT"
"2021-12-31 16:52:06","LINAUSDT","BUY","0.0446000000","413.3100000000LINA","18.43362600USDT","0.4133100000LINA"
"2021-12-31 16:52:03","LINAUSDT","SELL","0.0446000000","413.5000000000LINA","18.44210000USDT","0.0184421000USDT"
"2021-12-31 16:52:02","LINAUSDT","SELL","0.0446100000","0.2200000000LINA","0.00981420USDT","0.0000098100USDT"
"2021-12-31 16:51:53","LINAUSDT","BUY","0.0446200000","414.1400000000LINA","18.47892680USDT","0.4141400000LINA"
"2021-12-31 16:51:48","LINAUSDT","SELL","0.0446000000","414.6500000000LINA","18.49339000USDT","0.0184933900USDT"
"2021-12-31 16:51:30","LINAUSDT","BUY","0.0446800000","415.0600000000LINA","18.54488080USDT","0.4150600000LINA"
"2021-12-31 16:51:06","LINAUSDT","SELL","0.0446700000","415.1000000000LINA","18.54251700USDT","0.0185425200USDT"
"2021-12-31 16:50:47","LINAUSDT","BUY","0.0445900000","415.5200000000LINA","18.52803680USDT","0.4155200000LINA"
"2021-12-31 16:50:38","LINAUSDT","SELL","0.0447400000","415.1000000000LINA","18.57157400USDT","0.0185715700USDT"
"2021-12-31 16:50:11","LINAUSDT","BUY","0.0449900000","415.5100000000LINA","18.69379490USDT","0.4155100000LINA"
"2021-12-31 16:50:03","LINAUSDT","SELL","0.0449900000","415.9300000000LINA","18.71269070USDT","0.0187126900USDT"
"2021-12-31 16:49:09","LINAUSDT","BUY","0.0451100000","416.3500000000LINA","18.78154850USDT","0.4163500000LINA"
"2021-12-31 16:48:32","LINAUSDT","SELL","0.0451100000","416.7700000000LINA","18.80049470USDT","0.0188004900USDT"
"2021-12-29 18:27:06","LINAUSDT","BUY","0.0469300000","417.1900000000LINA","19.57872670USDT","0.4171900000LINA"
"2021-12-29 18:22:32","LINAUSDT","SELL","0.0469300000","417.5100000000LINA","19.59374430USDT","0.0195937400USDT"
"2021-12-29 18:22:10","LINAUSDT","BUY","0.0469100000","417.9200000000LINA","19.60462720USDT","0.4179200000LINA"
"2021-12-29 18:21:20","LINAUSDT","SELL","0.0468200000","419.2400000000LINA","19.62881680USDT","0.0196288200USDT"
"2021-12-29 18:19:18","LINAUSDT","BUY","0.0469100000","419.6600000000LINA","19.68625060USDT","0.4196600000LINA"
"2021-12-29 18:16:48","LINAUSDT","SELL","0.0468900000","420.2600000000LINA","19.70599140USDT","0.0197059900USDT"
"2021-12-29 18:13:38","LINAUSDT","BUY","0.0468500000","420.6900000000LINA","19.70932650USDT","0.4206900000LINA"
"2021-12-29 17:36:32","MANAUSDT","SELL","3.3497000000","6.0000000000MANA","20.09820000USDT","0.0200982000USDT"
"2021-12-29 12:33:42","UNIUSDT","SELL","18.1600000000","1.0000000000UNI","18.16000000USDT","0.0181600000USDT"
"2021-12-28 14:24:37","DNTUSDT","BUY","0.1418000000","86.0000000000DNT","12.19480000USDT","0.0860000000DNT"
"2021-12-28 14:23:56","BTCUSDT","SELL","49047.5000000000","0.0002500000BTC","12.26187500USDT","0.0122618800USDT"
"2021-12-28 14:23:32","RAMPBTC","SELL","0.0000042100","26.0000000000RAMP","0.00010946BTC","0.0000001100BTC"
"2021-12-28 14:23:20","PONDBTC","SELL","0.0000014500","102.0000000000POND","0.00014790BTC","0.0000001500BTC"
"2021-12-27 08:03:06","MANAUSDT","BUY","3.8623000000","16.0000000000MANA","61.79680000USDT","0.0160000000MANA"
"2021-12-27 08:03:06","MANAUSDT","BUY","3.8621000000","10.0000000000MANA","38.62100000USDT","0.0100000000MANA"
"2021-12-27 07:56:47","NEARUSDT","SELL","15.4280000000","6.6000000000NEAR","101.82480000USDT","0.1018248000USDT"
"2021-12-27 07:56:24","NEARUSDT","BUY","15.4300000000","3.4000000000NEAR","52.46200000USDT","0.0034000000NEAR"
"2021-12-27 07:56:18","NEARUSDT","BUY","15.4280000000","3.2000000000NEAR","49.36960000USDT","0.0032000000NEAR"
"2021-12-27 07:56:16","NEARUSDT","SELL","15.4280000000","3.4000000000NEAR","52.45520000USDT","0.0524552000USDT"
"2021-12-27 07:56:15","NEARUSDT","SELL","15.4280000000","3.2000000000NEAR","49.36960000USDT","0.0493696000USDT"
"2021-12-27 07:56:08","NEARUSDT","BUY","15.4270000000","6.6000000000NEAR","101.81820000USDT","0.0066000000NEAR"
"2021-12-27 07:56:01","NEARUSDT","SELL","15.4270000000","6.6000000000NEAR","101.81820000USDT","0.1018182000USDT"
"2021-12-27 07:55:58","NEARUSDT","BUY","15.4260000000","6.6000000000NEAR","101.81160000USDT","0.0066000000NEAR"
"2021-12-27 07:55:52","NEARUSDT","SELL","15.4240000000","6.6000000000NEAR","101.79840000USDT","0.1017984000USDT"
"2021-12-27 07:55:50","NEARUSDT","BUY","15.4230000000","6.6000000000NEAR","101.79180000USDT","0.0066000000NEAR"
"2021-12-27 07:55:45","NEARUSDT","SELL","15.4230000000","6.6000000000NEAR","101.79180000USDT","0.1017918000USDT"
"2021-12-27 07:55:39","NEARUSDT","BUY","15.4180000000","6.6000000000NEAR","101.75880000USDT","0.0066000000NEAR"
"2021-12-27 07:55:36","NEARUSDT","SELL","15.4180000000","5.1000000000NEAR","78.63180000USDT","0.0786318000USDT"
"2021-12-27 07:55:35","NEARUSDT","SELL","15.4180000000","1.5000000000NEAR","23.12700000USDT","0.0231270000USDT"
"2021-12-27 07:55:29","NEARUSDT","BUY","15.4180000000","6.6000000000NEAR","101.75880000USDT","0.0066000000NEAR"
"2021-12-27 07:55:13","NEARUSDT","SELL","15.4050000000","2.1000000000NEAR","32.35050000USDT","0.0323505000USDT"
"2021-12-27 07:55:05","NEARUSDT","BUY","15.4070000000","2.1000000000NEAR","32.35470000USDT","0.0021000000NEAR"
"2021-12-27 07:55:03","NEARUSDT","SELL","15.4080000000","3.6000000000NEAR","55.46880000USDT","0.0554688000USDT"
"2021-12-27 07:55:03","NEARUSDT","SELL","15.4080000000","0.9000000000NEAR","13.86720000USDT","0.0000190600BNB"
"2021-12-27 07:54:53","NEARUSDT","SELL","15.3970000000","2.1000000000NEAR","32.33370000USDT","0.0323337000USDT"
"2021-12-27 07:54:50","NEARUSDT","BUY","15.4000000000","2.1000000000NEAR","32.34000000USDT","0.0000445100BNB"
"2021-12-27 07:54:35","NEARUSDT","SELL","15.4080000000","2.1000000000NEAR","32.35680000USDT","0.0000444800BNB"
"2021-12-27 07:54:25","NEARUSDT","BUY","15.4070000000","6.6000000000NEAR","101.68620000USDT","0.0066000000NEAR"
"2021-12-27 07:54:14","NEARUSDT","SELL","15.4110000000","6.6000000000NEAR","101.71260000USDT","0.1017126000USDT"
"2021-12-27 07:54:11","NEARUSDT","BUY","15.4120000000","6.7000000000NEAR","103.26040000USDT","0.0067000000NEAR"
"2021-12-27 07:54:08","NEARUSDT","SELL","15.4110000000","6.7000000000NEAR","103.25370000USDT","0.0001419600BNB"
"2021-12-27 07:54:04","NEARUSDT","BUY","15.4050000000","6.7000000000NEAR","103.21350000USDT","0.0001420000BNB"
"2021-12-27 07:53:59","NEARUSDT","SELL","15.3990000000","6.7000000000NEAR","103.17330000USDT","0.0001418400BNB"
"2021-12-27 07:53:55","NEARUSDT","BUY","15.4000000000","6.7000000000NEAR","103.18000000USDT","0.0001420000BNB"
"2021-12-27 07:53:49","NEARUSDT","SELL","15.4000000000","6.1000000000NEAR","93.94000000USDT","0.0001291500BNB"
"2021-12-27 07:53:49","NEARUSDT","SELL","15.3990000000","0.6000000000NEAR","9.23940000USDT","0.0000126900BNB"
"2021-12-27 07:53:45","NEARUSDT","BUY","15.3980000000","6.7000000000NEAR","103.16660000USDT","0.0001420000BNB"
"2021-12-27 07:53:38","NEARUSDT","SELL","15.3930000000","6.7000000000NEAR","103.13310000USDT","0.0001417900BNB"
"2021-12-27 07:53:35","NEARUSDT","BUY","15.3950000000","4.6000000000NEAR","70.81700000USDT","0.0000974900BNB"
"2021-12-27 07:53:33","NEARUSDT","BUY","15.3950000000","2.1000000000NEAR","32.32950000USDT","0.0000445000BNB"
"2021-12-27 07:53:24","NEARUSDT","SELL","15.3950000000","6.7000000000NEAR","103.14650000USDT","0.0001418100BNB"
"2021-12-27 07:53:20","NEARUSDT","BUY","15.3920000000","3.7000000000NEAR","56.95040000USDT","0.0000784200BNB"
"2021-12-27 07:53:19","NEARUSDT","BUY","15.3920000000","1.0000000000NEAR","15.39200000USDT","0.0000211900BNB"
"2021-12-27 07:53:19","NEARUSDT","BUY","15.3920000000","2.0000000000NEAR","30.78400000USDT","0.0000423900BNB"
"2021-12-27 07:53:12","NEARUSDT","SELL","15.3960000000","6.7000000000NEAR","103.15320000USDT","0.0001418100BNB"
"2021-12-27 07:53:06","NEARUSDT","BUY","15.3950000000","6.7000000000NEAR","103.14650000USDT","0.0001420000BNB"
"2021-12-27 07:53:00","NEARUSDT","SELL","15.3980000000","6.7000000000NEAR","103.16660000USDT","0.0001418900BNB"
"2021-12-27 07:52:55","NEARUSDT","BUY","15.3980000000","6.7000000000NEAR","103.16660000USDT","0.0001418400BNB"
"2021-12-27 07:52:48","NEARUSDT","SELL","15.3970000000","6.7000000000NEAR","103.15990000USDT","0.0001418700BNB"
"2021-12-27 07:52:40","NEARUSDT","BUY","15.4000000000","0.7000000000NEAR","10.78000000USDT","0.0000148100BNB"
"2021-12-27 07:52:33","NEARUSDT","BUY","15.4000000000","6.0000000000NEAR","92.40000000USDT","0.0001270200BNB"
"2021-12-27 07:52:26","NEARUSDT","SELL","15.4010000000","6.7000000000NEAR","103.18670000USDT","0.0001419100BNB"
"2021-12-27 07:52:21","NEARUSDT","BUY","15.4020000000","6.7000000000NEAR","103.19340000USDT","0.0001418400BNB"
"2021-12-27 07:47:38","MANAUSDT","SELL","3.8586000000","27.0000000000MANA","104.18220000USDT","0.0001432500BNB"
"2021-12-27 06:59:05","MATICBTC","SELL","0.0000564600","2.0000000000MATIC","0.00011292BTC","0.0000076600BNB"
"2021-12-27 04:34:19","MATICBTC","BUY","0.0000562300","2.1000000000MATIC","0.00011808BTC","0.0000082200BNB"
"2021-12-27 04:33:55","XLMBTC","SELL","0.0000057900","21.0000000000XLM","0.00012159BTC","0.0000083600BNB"
"2021-12-26 15:51:06","XLMBTC","BUY","0.0000057400","21.0000000000XLM","0.00012054BTC","0.0000083100BNB"
"2021-12-26 14:08:27","ADATRY","BUY","16.6700000000","4.1000000000ADA","68.34700000TRY","0.0000081300BNB"
"2021-12-26 14:06:20","SANDTRY","SELL","77.5700000000","0.9000000000SAND","69.81300000TRY","0.0000083100BNB"
"2021-12-25 11:14:53","AUDIOUSDT","SELL","1.7810000000","6.0000000000AUDIO","10.68600000USDT","0.0000147100BNB"
"2021-12-24 13:17:55","IRISUSDT","BUY","0.0960000000","116.6000000000IRIS","11.19360000USDT","0.0000154000BNB"
"2021-12-24 13:17:08","AUDIOUSDT","BUY","1.7790000000","6.1000000000AUDIO","10.85190000USDT","0.0000148800BNB"
"2021-12-24 13:15:34","XRPUSDT","SELL","0.9658000000","22.0000000000XRP","21.24760000USDT","0.0000292000BNB"
"2021-12-24 03:03:59","XRPUSDT","BUY","0.9843000000","22.0000000000XRP","21.65460000USDT","0.0000297400BNB"
"2021-12-22 16:15:08","DODOUSDT","SELL","0.9210000000","11.6000000000DODO","10.68360000USDT","0.0000147400BNB"
"2021-12-22 16:14:44","IOTAUSDT","SELL","1.3083000000","9.0000000000IOTA","11.77470000USDT","0.0000162500BNB"
"2021-12-16 15:23:07","IOTAUSDT","BUY","1.1844000000","9.0000000000IOTA","10.65960000USDT","0.0000148500BNB"
"2021-12-16 15:22:54","DODOUSDT","BUY","0.8780000000","11.5000000000DODO","10.09700000USDT","0.0000140700BNB"
"2021-12-16 15:22:44","DODOUSDT","SELL","0.8770000000","23.8000000000DODO","20.87260000USDT","0.0000291000BNB"
"2021-12-16 15:22:01","DODOUSDT","BUY","0.8790000000","12.0000000000DODO","10.54800000USDT","0.0000146700BNB"
"2021-12-16 15:20:08","DODOUSDT","BUY","0.8760000000","11.9000000000DODO","10.42440000USDT","0.0000144600BNB"
"2021-12-15 04:28:58","BICOUSDT","BUY","4.1060000000","2.4500000000BICO","10.05970000USDT","0.0000142400BNB"
"2021-12-13 16:54:49","AERGOBUSD","SELL","0.2409000000","136.0000000000AERGO","32.76240000BUSD","0.0000463600BNB"
"2021-12-13 16:54:42","AERGOBUSD","BUY","0.2423000000","50.0000000000AERGO","12.11500000BUSD","0.0000171700BNB"
"2021-12-13 16:54:42","AERGOBUSD","BUY","0.2424000000","8.0000000000AERGO","1.93920000BUSD","0.0000027400BNB"
"2021-12-13 16:54:42","AERGOBUSD","BUY","0.2423000000","78.0000000000AERGO","18.89940000BUSD","0.0000267900BNB"
"2021-12-13 16:54:40","AERGOBUSD","SELL","0.2421000000","136.0000000000AERGO","32.92560000BUSD","0.0000465900BNB"
"2021-12-13 16:54:35","AERGOBUSD","BUY","0.2423000000","136.0000000000AERGO","32.95280000BUSD","0.0000467200BNB"
"2021-12-13 16:54:29","AERGOBUSD","SELL","0.2418000000","41.0000000000AERGO","9.91380000BUSD","0.0000140200BNB"
"2021-12-13 16:54:29","AERGOBUSD","SELL","0.2420000000","95.0000000000AERGO","22.99000000BUSD","0.0000325300BNB"
"2021-12-13 16:54:25","AERGOBUSD","BUY","0.2423000000","136.0000000000AERGO","32.95280000BUSD","0.0000467200BNB"
"2021-12-13 16:54:16","AERGOBUSD","SELL","0.2420000000","136.0000000000AERGO","32.91200000BUSD","0.0000465700BNB"
"2021-12-13 16:54:12","AERGOBUSD","BUY","0.2423000000","136.0000000000AERGO","32.95280000BUSD","0.0000467200BNB"
"2021-12-13 16:54:01","AERGOBUSD","SELL","0.2420000000","136.0000000000AERGO","32.91200000BUSD","0.0000465300BNB"
"2021-12-13 16:53:57","AERGOBUSD","BUY","0.2422000000","137.0000000000AERGO","33.18140000BUSD","0.0000470700BNB"
"2021-12-12 09:28:45","UNIUSDT","BUY","15.4600000000","1.0000000000UNI","15.46000000USDT","0.0000204900BNB"
"2021-12-12 07:30:43","BICOUSDT","BUY","5.3630000000","1.8800000000BICO","10.08244000USDT","0.0000133500BNB"
"2021-12-11 05:04:34","TRXUSDT","BUY","0.0895300000","481.8000000000TRX","43.13555400USDT","0.0000569700BNB"
"2021-12-11 05:01:30","XLMUSDT","SELL","0.2677000000","161.0000000000XLM","43.09970000USDT","0.0000568600BNB"
"2021-12-11 04:58:56","XLMUSDT","BUY","0.2672000000","161.0000000000XLM","43.01920000USDT","0.0000568700BNB"
"2021-12-10 19:16:23","ICPUSDT","SELL","27.2200000000","0.3700000000ICP","10.07140000USDT","0.0000133500BNB"
"2021-12-10 19:16:04","ICPUSDT","BUY","27.2200000000","0.3700000000ICP","10.07140000USDT","0.0000133700BNB"
"2021-12-10 08:25:46","XLMUSDT","BUY","0.2713000000","187.0000000000XLM","50.73310000USDT","0.0000663700BNB"
"2021-12-10 08:22:08","UNIUSDT","SELL","15.7000000000","0.6400000000UNI","10.04800000USDT","0.0000131400BNB"
"2021-12-10 08:21:33","UNIUSDT","BUY","15.7000000000","0.6400000000UNI","10.04800000USDT","0.0000131400BNB"
"2021-12-09 16:09:42","MANAUSDT","SELL","3.6053000000","27.0000000000MANA","97.34310000USDT","0.0001261100BNB"
"2021-12-07 07:45:03","LINKBTC","SELL","0.0003916000","0.4100000000LINK","0.00016056BTC","0.0000001600BTC"
"2021-12-05 18:54:22","RAMPUSDT","SELL","0.2308000000","45.0000000000RAMP","10.38600000USDT","0.0000140600BNB"
"2021-12-05 16:26:17","RAMPUSDT","BUY","0.2266000000","45.0000000000RAMP","10.19700000USDT","0.0000138100BNB"
"2021-12-05 16:26:15","RAMPUSDT","SELL","0.2262000000","45.0000000000RAMP","10.17900000USDT","0.0000138000BNB"
"2021-12-05 16:26:05","RAMPUSDT","BUY","0.2265000000","45.0000000000RAMP","10.19250000USDT","0.0000138900BNB"
"2021-12-05 16:26:01","RAMPUSDT","SELL","0.2262000000","45.0000000000RAMP","10.17900000USDT","0.0000138300BNB"
"2021-12-05 16:25:54","RAMPUSDT","BUY","0.2262000000","45.0000000000RAMP","10.17900000USDT","0.0000138900BNB"
"2021-12-05 16:25:51","RAMPUSDT","SELL","0.2261000000","45.0000000000RAMP","10.17450000USDT","0.0000138300BNB"
"2021-12-05 16:25:48","RAMPUSDT","BUY","0.2262000000","45.0000000000RAMP","10.17900000USDT","0.0000138900BNB"
"2021-12-05 16:25:41","RAMPUSDT","SELL","0.2263000000","45.0000000000RAMP","10.18350000USDT","0.0000138400BNB"
"2021-12-05 16:25:38","RAMPUSDT","BUY","0.2265000000","45.0000000000RAMP","10.19250000USDT","0.0000138900BNB"
"2021-12-05 16:25:32","RAMPUSDT","SELL","0.2263000000","45.0000000000RAMP","10.18350000USDT","0.0000138400BNB"
"2021-12-05 16:25:29","RAMPUSDT","BUY","0.2264000000","45.0000000000RAMP","10.18800000USDT","0.0000138900BNB"
"2021-12-05 16:25:18","RAMPUSDT","SELL","0.2262000000","45.0000000000RAMP","10.17900000USDT","0.0000138300BNB"
"2021-12-05 16:25:15","RAMPUSDT","BUY","0.2264000000","45.0000000000RAMP","10.18800000USDT","0.0000138500BNB"
"2021-12-05 16:25:13","RAMPUSDT","SELL","0.2264000000","45.0000000000RAMP","10.18800000USDT","0.0000138100BNB"
"2021-12-05 16:25:05","RAMPUSDT","BUY","0.2269000000","44.0000000000RAMP","9.98360000USDT","0.0000135400BNB"
"2021-12-05 16:25:05","RAMPUSDT","BUY","0.2268000000","1.0000000000RAMP","0.22680000USDT","0.0000003000BNB"
"2021-12-05 16:25:02","RAMPUSDT","SELL","0.2267000000","45.0000000000RAMP","10.20150000USDT","0.0000138300BNB"
"2021-12-05 16:24:52","RAMPUSDT","BUY","0.2268000000","45.0000000000RAMP","10.20600000USDT","0.0000138500BNB"
"2021-12-05 16:24:49","RAMPUSDT","SELL","0.2267000000","46.0000000000RAMP","10.42820000USDT","0.0000141400BNB"
"2021-12-05 16:24:46","RAMPUSDT","BUY","0.2268000000","46.0000000000RAMP","10.43280000USDT","0.0000141600BNB"
"2021-12-05 16:24:44","RAMPUSDT","SELL","0.2267000000","46.0000000000RAMP","10.42820000USDT","0.0000141400BNB"
"2021-12-05 16:24:41","RAMPUSDT","BUY","0.2269000000","46.0000000000RAMP","10.43740000USDT","0.0000141600BNB"
"2021-12-05 16:24:31","RAMPUSDT","SELL","0.2263000000","46.0000000000RAMP","10.40980000USDT","0.0000141100BNB"
"2021-12-05 16:24:28","RAMPUSDT","BUY","0.2266000000","46.0000000000RAMP","10.42360000USDT","0.0000141600BNB"
"2021-12-05 16:24:23","RAMPUSDT","SELL","0.2263000000","46.0000000000RAMP","10.40980000USDT","0.0000141100BNB"
"2021-12-05 16:24:18","RAMPUSDT","BUY","0.2266000000","46.0000000000RAMP","10.42360000USDT","0.0000141600BNB"
"2021-12-05 16:24:13","RAMPUSDT","SELL","0.2263000000","46.0000000000RAMP","10.40980000USDT","0.0000141300BNB"
"2021-12-05 16:24:10","RAMPUSDT","BUY","0.2272000000","46.0000000000RAMP","10.45120000USDT","0.0000141200BNB"
"2021-12-05 16:24:07","RAMPUSDT","SELL","0.2271000000","46.0000000000RAMP","10.44660000USDT","0.0000141900BNB"
"2021-12-05 16:23:59","RAMPUSDT","BUY","0.2271000000","46.0000000000RAMP","10.44660000USDT","0.0000141200BNB"
"2021-12-05 16:23:56","RAMPUSDT","SELL","0.2266000000","46.0000000000RAMP","10.42360000USDT","0.0000141500BNB"
"2021-12-05 16:23:49","RAMPUSDT","BUY","0.2267000000","46.0000000000RAMP","10.42820000USDT","0.0000141200BNB"
"2021-12-05 16:23:45","RAMPUSDT","SELL","0.2267000000","46.0000000000RAMP","10.42820000USDT","0.0000141600BNB"
"2021-12-05 16:23:43","RAMPUSDT","BUY","0.2268000000","46.0000000000RAMP","10.43280000USDT","0.0000141200BNB"
"2021-12-05 16:23:40","RAMPUSDT","SELL","0.2267000000","46.0000000000RAMP","10.42820000USDT","0.0000141600BNB"
"2021-12-05 16:23:32","RAMPUSDT","BUY","0.2268000000","46.0000000000RAMP","10.43280000USDT","0.0000141200BNB"
"2021-12-05 16:23:29","RAMPUSDT","SELL","0.2267000000","46.0000000000RAMP","10.42820000USDT","0.0000141600BNB"
"2021-12-05 16:23:27","RAMPUSDT","BUY","0.2269000000","46.0000000000RAMP","10.43740000USDT","0.0000141200BNB"
"2021-12-05 16:23:16","RAMPUSDT","SELL","0.2265000000","46.0000000000RAMP","10.41900000USDT","0.0000141500BNB"
"2021-12-05 16:23:13","RAMPUSDT","BUY","0.2266000000","46.0000000000RAMP","10.42360000USDT","0.0000141200BNB"
"2021-12-05 16:16:55","XLMUSDT","SELL","0.2682000000","39.0000000000XLM","10.45980000USDT","0.0104598000USDT"
"2021-12-05 16:10:02","XLMUSDT","BUY","0.2677000000","40.0000000000XLM","10.70800000USDT","0.0400000000XLM"
"2021-12-05 16:09:10","SANDUSDT","SELL","5.4058000000","2.0000000000SAND","10.81160000USDT","0.0108116000USDT"
"2021-12-05 16:08:59","SANDBTC","BUY","0.0001118700","1.0000000000SAND","0.00011187BTC","0.0010000000SAND"
"2021-12-05 15:49:27","SANDBTC","BUY","0.0001097700","1.0000000000SAND","0.00010977BTC","0.0010000000SAND"
"2021-12-05 15:47:36","SANDBTC","SELL","0.0001100200","1.0000000000SAND","0.00011002BTC","0.0000001100BTC"
"2021-12-05 15:46:53","SANDBUSD","BUY","5.2912000000","2.0000000000SAND","10.58240000BUSD","0.0020000000SAND"
"2021-12-05 15:44:17","BIFIBUSD","SELL","1247.0000000000","0.0100000000BIFI","12.47000000BUSD","0.0124700000BUSD"
"2021-12-05 15:44:14","BIFIBUSD","BUY","1249.6000000000","0.0100000000BIFI","12.49600000BUSD","0.0000100000BIFI"
"2021-12-05 15:44:12","BIFIBUSD","SELL","1247.0000000000","0.0100000000BIFI","12.47000000BUSD","0.0124700000BUSD"
"2021-12-05 15:44:03","BIFIBUSD","BUY","1249.6000000000","0.0100000000BIFI","12.49600000BUSD","0.0000100000BIFI"
"2021-12-05 15:44:00","BIFIBUSD","SELL","1247.0000000000","0.0100000000BIFI","12.47000000BUSD","0.0124700000BUSD"
"2021-12-05 15:43:54","BIFIBUSD","BUY","1249.6000000000","0.0100000000BIFI","12.49600000BUSD","0.0000100000BIFI"
"2021-12-05 15:43:46","BIFIBUSD","SELL","1247.0000000000","0.0100000000BIFI","12.47000000BUSD","0.0124700000BUSD"
"2021-12-05 15:43:40","BIFIBUSD","BUY","1249.6000000000","0.0100000000BIFI","12.49600000BUSD","0.0000100000BIFI"
"2021-12-05 15:43:31","BIFIBUSD","SELL","1246.8000000000","0.0100000000BIFI","12.46800000BUSD","0.0124680000BUSD"
"2021-12-05 15:43:28","BIFIBUSD","BUY","1249.9000000000","0.0090000000BIFI","11.24910000BUSD","0.0000090000BIFI"
"2021-12-05 15:43:28","BIFIBUSD","BUY","1249.9000000000","0.0010000000BIFI","1.24990000BUSD","0.0000010000BIFI"
"2021-12-05 15:43:24","BIFIBUSD","SELL","1246.8000000000","0.0100000000BIFI","12.46800000BUSD","0.0124680000BUSD"
"2021-12-05 15:43:22","BIFIBUSD","BUY","1249.9000000000","0.0100000000BIFI","12.49900000BUSD","0.0000100000BIFI"
"2021-12-05 15:43:04","BIFIBUSD","SELL","1246.6000000000","0.0100000000BIFI","12.46600000BUSD","0.0124660000BUSD"
"2021-12-05 15:42:51","BIFIBUSD","BUY","1249.7000000000","0.0100000000BIFI","12.49700000BUSD","0.0000100000BIFI"
"2021-12-05 15:42:44","BIFIBUSD","SELL","1246.6000000000","0.0110000000BIFI","13.71260000BUSD","0.0137126000BUSD"
"2021-12-05 15:42:38","BIFIBUSD","BUY","1249.8000000000","0.0110000000BIFI","13.74780000BUSD","0.0000110000BIFI"
"2021-12-05 15:42:34","BIFIBUSD","SELL","1246.6000000000","0.0110000000BIFI","13.71260000BUSD","0.0137126000BUSD"
"2021-12-05 15:42:32","BIFIBUSD","BUY","1249.8000000000","0.0110000000BIFI","13.74780000BUSD","0.0000110000BIFI"
"2021-12-05 15:40:52","BIFIBUSD","SELL","1245.7000000000","0.0110000000BIFI","13.70270000BUSD","0.0137027000BUSD"
"2021-12-05 15:40:49","BIFIBUSD","BUY","1249.9000000000","0.0110000000BIFI","13.74890000BUSD","0.0000110000BIFI"
"2021-12-05 15:40:45","BIFIBUSD","SELL","1245.3000000000","0.0110000000BIFI","13.69830000BUSD","0.0136983000BUSD"
"2021-12-05 15:40:40","BIFIBUSD","BUY","1247.2000000000","0.0110000000BIFI","13.71920000BUSD","0.0000110000BIFI"
"2021-12-05 15:40:31","BIFIBUSD","SELL","1244.9000000000","0.0110000000BIFI","13.69390000BUSD","0.0136939000BUSD"
"2021-12-05 15:40:25","BIFIBUSD","BUY","1246.8000000000","0.0110000000BIFI","13.71480000BUSD","0.0000110000BIFI"
"2021-12-05 15:40:22","BIFIBUSD","SELL","1243.9000000000","0.0110000000BIFI","13.68290000BUSD","0.0136829000BUSD"
"2021-12-05 15:40:17","BIFIBUSD","BUY","1246.8000000000","0.0110000000BIFI","13.71480000BUSD","0.0000110000BIFI"
"2021-12-05 15:40:09","BIFIBUSD","SELL","1243.9000000000","0.0110000000BIFI","13.68290000BUSD","0.0136829000BUSD"
"2021-12-05 15:40:06","BIFIBUSD","BUY","1246.6000000000","0.0110000000BIFI","13.71260000BUSD","0.0000110000BIFI"
"2021-12-05 15:39:57","BIFIBUSD","SELL","1243.3000000000","0.0110000000BIFI","13.67630000BUSD","0.0136763000BUSD"
"2021-12-05 15:39:54","BIFIBUSD","BUY","1246.9000000000","0.0110000000BIFI","13.71590000BUSD","0.0000110000BIFI"
"2021-12-05 15:39:46","BIFIBUSD","SELL","1243.3000000000","0.0110000000BIFI","13.67630000BUSD","0.0136763000BUSD"
"2021-12-05 15:39:43","BIFIBUSD","BUY","1247.1000000000","0.0110000000BIFI","13.71810000BUSD","0.0000110000BIFI"
"2021-12-05 15:39:36","BIFIBUSD","SELL","1243.3000000000","0.0110000000BIFI","13.67630000BUSD","0.0136763000BUSD"
"2021-12-05 15:39:33","BIFIBUSD","BUY","1247.1000000000","0.0110000000BIFI","13.71810000BUSD","0.0000110000BIFI"
"2021-12-05 15:39:29","BIFIBUSD","SELL","1243.2000000000","0.0110000000BIFI","13.67520000BUSD","0.0136752000BUSD"
"2021-12-05 15:39:22","BIFIBUSD","BUY","1247.1000000000","0.0110000000BIFI","13.71810000BUSD","0.0000110000BIFI"
"2021-12-05 15:39:19","BIFIBUSD","SELL","1243.2000000000","0.0110000000BIFI","13.67520000BUSD","0.0136752000BUSD"
"2021-12-05 15:39:11","BIFIBUSD","BUY","1247.1000000000","0.0110000000BIFI","13.71810000BUSD","0.0000110000BIFI"
"2021-12-05 15:39:08","BIFIBUSD","SELL","1242.4000000000","0.0110000000BIFI","13.66640000BUSD","0.0136664000BUSD"
"2021-12-05 15:39:01","BIFIBUSD","BUY","1246.5000000000","0.0110000000BIFI","13.71150000BUSD","0.0000110000BIFI"
"2021-12-05 15:38:58","BIFIBUSD","SELL","1242.7000000000","0.0110000000BIFI","13.66970000BUSD","0.0136697000BUSD"
"2021-12-05 15:38:54","BIFIBUSD","BUY","1246.5000000000","0.0010000000BIFI","1.24650000BUSD","0.0000010000BIFI"
"2021-12-05 15:38:54","BIFIBUSD","BUY","1246.5000000000","0.0100000000BIFI","12.46500000BUSD","0.0000100000BIFI"
"2021-12-05 15:38:50","BIFIBUSD","SELL","1242.5000000000","0.0110000000BIFI","13.66750000BUSD","0.0136675000BUSD"
"2021-12-05 15:38:46","BIFIBUSD","BUY","1246.5000000000","0.0110000000BIFI","13.71150000BUSD","0.0000110000BIFI"
"2021-12-05 15:38:42","BIFIBUSD","SELL","1242.4000000000","0.0110000000BIFI","13.66640000BUSD","0.0136664000BUSD"
"2021-12-05 15:38:36","BIFIBUSD","BUY","1264.0000000000","0.0110000000BIFI","13.90400000BUSD","0.0000110000BIFI"
"2021-12-05 15:38:29","BIFIBUSD","SELL","1261.7000000000","0.0110000000BIFI","13.87870000BUSD","0.0138787000BUSD"
"2021-12-05 15:38:26","BIFIBUSD","BUY","1263.1000000000","0.0110000000BIFI","13.89410000BUSD","0.0000110000BIFI"
"2021-12-05 15:38:15","BIFIBUSD","SELL","1261.7000000000","0.0110000000BIFI","13.87870000BUSD","0.0138787000BUSD"
"2021-12-05 15:38:13","BIFIBUSD","BUY","1263.2000000000","0.0110000000BIFI","13.89520000BUSD","0.0000110000BIFI"
"2021-12-05 15:38:03","BIFIBUSD","SELL","1261.7000000000","0.0110000000BIFI","13.87870000BUSD","0.0138787000BUSD"
"2021-12-05 15:38:00","BIFIBUSD","BUY","1263.2000000000","0.0110000000BIFI","13.89520000BUSD","0.0000110000BIFI"
"2021-12-05 15:37:56","BIFIBUSD","SELL","1261.7000000000","0.0110000000BIFI","13.87870000BUSD","0.0138787000BUSD"
"2021-12-05 15:37:48","BIFIBUSD","BUY","1263.2000000000","0.0110000000BIFI","13.89520000BUSD","0.0000110000BIFI"
"2021-12-05 15:37:44","BIFIBUSD","SELL","1262.2000000000","0.0080000000BIFI","10.09760000BUSD","0.0100976000BUSD"
"2021-12-05 15:37:44","BIFIBUSD","SELL","1261.6000000000","0.0030000000BIFI","3.78480000BUSD","0.0037848000BUSD"
"2021-12-05 15:37:03","BIFIBUSD","BUY","1263.5000000000","0.0110000000BIFI","13.89850000BUSD","0.0000110000BIFI"
"2021-12-05 15:36:57","BIFIBUSD","SELL","1261.7000000000","0.0110000000BIFI","13.87870000BUSD","0.0138787000BUSD"
"2021-12-05 15:36:40","BIFIBUSD","BUY","1263.6000000000","0.0120000000BIFI","15.16320000BUSD","0.0000120000BIFI"
"2021-12-05 15:28:20","SANDUSDT","SELL","5.3174000000","3.0000000000SAND","15.95220000USDT","0.0159522000USDT"
"2021-12-04 05:22:41","MANAUSDT","BUY","2.9499000000","6.0000000000MANA","17.69940000USDT","0.0060000000MANA"
"2021-12-03 16:09:26","MANAUSDT","BUY","4.0000000000","12.0000000000MANA","48.00000000USDT","0.0120000000MANA"
"2021-12-03 16:05:07","DOTUSDT","BUY","35.0000000000","0.5000000000DOT","17.50000000USDT","0.0005000000DOT"
"2021-12-03 15:50:23","MANAUSDT","BUY","4.1000000000","12.0000000000MANA","49.20000000USDT","0.0120000000MANA"
"2021-12-03 07:29:30","ACMUSDT","BUY","6.3680000000","2.0000000000ACM","12.73600000USDT","0.0020000000ACM"
"2021-12-03 06:49:32","QSPBTC","BUY","0.0000011100","171.0000000000QSP","0.00018981BTC","0.1710000000QSP"
"2021-12-03 06:49:15","BTCUSDT","BUY","56862.4200000000","0.0001900000BTC","10.80385980USDT","0.0000001900BTC"
"2021-12-03 06:47:54","MANAUSDT","BUY","4.3347000000","3.0000000000MANA","13.00410000USDT","0.0030000000MANA"
"2021-12-02 10:37:40","FETUSDT","BUY","0.7375000000","14.0000000000FET","10.32500000USDT","0.0140000000FET"
"2021-12-02 10:36:51","PONDUSDT","BUY","0.0985500000","102.4800000000POND","10.09940400USDT","0.1024800000POND"
"2021-12-02 03:09:45","MANAUSDT","BUY","4.3000000000","11.0000000000MANA","47.30000000USDT","0.0110000000MANA"
"2021-12-02 02:32:43","MANAUSDT","BUY","4.3945000000","10.0000000000MANA","43.94500000USDT","0.0100000000MANA"
"2021-12-02 02:32:39","MANAUSDT","BUY","4.3941000000","1.0000000000MANA","4.39410000USDT","0.0010000000MANA"
"2021-11-24 14:40:37","SANDUSDT","SELL","6.7708000000","2.0000000000SAND","13.54160000USDT","0.0135416000USDT"
"2021-11-21 09:07:33","XLMUSDT","BUY","0.3407000000","58.0000000000XLM","19.76060000USDT","0.0580000000XLM"
"2021-11-21 05:29:19","SANDUSDT","SELL","4.1861000000","5.0000000000SAND","20.93050000USDT","0.0209305000USDT"
"2021-10-05 14:26:03","BNBUSDT","SELL","438.0000000000","0.0230000000BNB","10.07400000USDT","0.0000172800BNB"
"2021-10-02 03:50:24","MATICBTC","BUY","0.0000258500","6.6000000000MATIC","0.00017061BTC","0.0000145800BNB"
"2021-10-02 03:49:47","BNBBTC","SELL","0.0087720000","0.0190000000BNB","0.00016667BTC","0.0000145200BNB"
"2021-07-16 10:30:18","CHZUSDT","SELL","0.2400800000","43.7000000000CHZ","10.49149600USDT","0.0104915000USDT"
"2021-07-16 10:29:42","AUDIOUSDT","SELL","1.0157000000","13.7400000000AUDIO","13.95571800USDT","0.0139557200USDT"
"2021-07-16 06:16:56","AUDIOUSDT","BUY","1.0900000000","13.7600000000AUDIO","14.99840000USDT","0.0137600000AUDIO"
"2021-07-16 04:51:03","DREPUSDT","SELL","0.5500000000","20.7150000000DREP","11.39325000USDT","0.0113932500USDT"
"2021-07-15 14:24:10","DREPUSDT","SELL","0.5500000000","17.5580000000DREP","9.65690000USDT","0.0096569000USDT"
"2021-07-15 14:24:09","DREPUSDT","SELL","0.5500000000","3.1560000000DREP","1.73580000USDT","0.0017358000USDT"
"2021-07-15 10:32:56","DREPUSDT","BUY","0.4800000000","41.4710000000DREP","19.90608000USDT","0.0414710000DREP"
"2021-07-15 09:17:57","CHZUSDT","BUY","0.2729000000","43.8000000000CHZ","11.95302000USDT","0.0438000000CHZ"
"2021-07-14 17:09:34","LRCUSDT","SELL","0.2433000000","64.8000000000LRC","15.76584000USDT","0.0157658400USDT"
"2021-07-13 05:10:43","LRCUSDT","BUY","0.2300000000","64.9000000000LRC","14.92700000USDT","0.0649000000LRC"
"2021-07-12 16:37:40","BNBUSDT","SELL","318.7600000000","0.0432000000BNB","13.77043200USDT","0.0137704300USDT"
"2021-07-12 16:37:02","WRXUSDT","SELL","1.0720000000","15.9800000000WRX","17.13056000USDT","0.0171305600USDT"
"2021-07-06 10:10:15","BTCSTBTC","BUY","0.0005670000","0.5600000000BTCST","0.00031752BTC","0.0005600000BTCST"
"2021-07-06 10:04:53","ICPBTC","SELL","0.0013410000","0.2400000000ICP","0.00032184BTC","0.0000003200BTC"
"2021-07-04 16:12:30","ICPUSDT","BUY","48.0000000000","0.2500000000ICP","12.00000000USDT","0.0002500000ICP"
"2021-07-04 16:10:14","ADAUSDT","SELL","1.4373000000","8.3500000000ADA","12.00145500USDT","0.0120014600USDT"
"2021-07-04 10:36:58","WRXUSDT","BUY","1.2496000000","15.9200000000WRX","19.89363200USDT","0.0159200000WRX"
"2021-07-04 10:36:58","WRXUSDT","BUY","1.2479000000","0.0800000000WRX","0.09983200USDT","0.0000002400BNB"
"2021-07-04 09:17:37","ADAUSDT","BUY","1.4300000000","11.4500000000ADA","16.37350000USDT","0.0114500000ADA"
"2021-07-02 06:45:07","BTCUSDT","SELL","32900.0000000000","0.0006040000BTC","19.87160000USDT","0.0198716000USDT"
"2021-07-02 06:43:52","BTCUSDT","BUY","32886.4800000000","0.0003070000BTC","10.09614936USDT","0.0000003100BTC"
"2021-07-02 06:43:21","ETCBTC","SELL","0.0015687000","0.1900000000ETC","0.00029805BTC","0.0000003000BTC"
"2021-07-02 05:20:45","SXPUSDT","SELL","1.8330000000","5.6050000000SXP","10.27396500USDT","0.0102739700USDT"
"2021-07-02 03:52:21","SXPUSDT","BUY","1.8000000000","5.6110000000SXP","10.09980000USDT","0.0056110000SXP"
"2021-07-02 03:20:52","ETCUSDT","BUY","52.0000000000","0.1940000000ETC","10.08800000USDT","0.0001940000ETC"
"2021-06-30 06:58:51","LINAUSDT","SELL","0.0257000000","397.2300000000LINA","10.20881100USDT","0.0102088100USDT"
"2021-06-30 03:22:34","LINAUSDT","BUY","0.0254000000","397.6300000000LINA","10.09980200USDT","0.3976300000LINA"
"2021-06-29 16:19:17","BTCUSDT","SELL","36111.0000000000","0.0005450000BTC","19.68049500USDT","0.0196805000USDT"
"2021-06-29 16:12:43","WTCBTC","SELL","0.0000161600","16.8900000000WTC","0.00027294BTC","0.0000002700BTC"
"2021-06-29 16:11:34","FLMBTC","SELL","0.0000104700","10.0000000000FLM","0.00010470BTC","0.0000087900BNB"
"2021-06-29 16:11:34","FLMBTC","SELL","0.0000104700","16.0000000000FLM","0.00016752BTC","0.0000001700BTC"
"2021-06-29 14:33:00","FLMUSDT","BUY","0.3862000000","26.1200000000FLM","10.08754400USDT","0.0261200000FLM"
"2021-06-29 14:30:56","WTCUSDT","BUY","0.5969000000","16.9100000000WTC","10.09357900USDT","0.0169100000WTC"
"2021-06-29 14:23:41","THETAUSDT","SELL","7.3100000000","2.1670000000THETA","15.84077000USDT","0.0158407700USDT"
"2021-06-29 14:22:42","THETAUSDT","SELL","7.3000000000","2.1680000000THETA","15.82640000USDT","0.0158264000USDT"
"2021-06-28 15:54:00","THETAUSDT","BUY","6.9900000000","1.4440000000THETA","10.09356000USDT","0.0014440000THETA"
"2021-06-28 09:51:04","THETAUSDT","BUY","6.9000000000","1.4630000000THETA","10.09470000USDT","0.0014630000THETA"
"2021-06-28 08:00:31","THETAUSDT","BUY","7.0480000000","1.4330000000THETA","10.09978400USDT","0.0014330000THETA"
"2021-06-27 13:17:37","ICXUSDT","SELL","0.7166000000","15.0500000000ICX","10.78483000USDT","0.0107848300USDT"
"2021-06-27 13:15:31","MATICUSDT","SELL","1.0719900000","13.8000000000MATIC","14.79346200USDT","0.0147934600USDT"
"2021-06-27 09:43:26","THETAUSDT","SELL","6.4000000000","1.5960000000THETA","10.21440000USDT","0.0102144000USDT"
"2021-06-27 03:10:45","MATICUSDT","BUY","1.1000000000","13.9000000000MATIC","15.29000000USDT","0.0139000000MATIC"
"2021-06-26 18:26:10","ICXUSDT","BUY","0.7090000000","14.2400000000ICX","10.09616000USDT","0.0142400000ICX"
"2021-06-26 18:13:08","THETAUSDT","BUY","6.3500000000","1.5900000000THETA","10.09650000USDT","0.0015900000THETA"
"2021-06-26 07:49:10","BTCUSDT","SELL","30908.1800000000","0.0003550000BTC","10.97240390USDT","0.0109724000USDT"
"2021-06-26 07:49:10","BTCUSDT","SELL","30908.1800000000","0.0003890000BTC","12.02328202USDT","0.0120232800USDT"
"2021-06-26 07:48:51","ICXBTC","SELL","0.0000223600","13.0000000000ICX","0.00029068BTC","0.0000002900BTC"
"2021-06-26 07:45:49","DIABTC","SELL","0.0000338000","4.3500000000DIA","0.00014703BTC","0.0000001500BTC"
"2021-06-26 07:45:42","THETABTC","SELL","0.0002049000","1.5000000000THETA","0.00030735BTC","0.0000265200BNB"
"2021-06-26 07:36:11","BNBUSDT","SELL","272.0000000000","0.0461000000BNB","12.53920000USDT","0.0000345900BNB"
"2021-06-26 07:07:45","VITEBTC","BUY","0.0000015500","93.0000000000VITE","0.00014415BTC","0.0000123200BNB"
"2021-06-26 06:44:30","THETAUSDT","BUY","6.7000000000","1.5070000000THETA","10.09690000USDT","0.0000267000BNB"
"2021-06-26 03:58:30","DIABTC","BUY","0.0000338000","4.3500000000DIA","0.00014703BTC","0.0000124600BNB"
"2021-06-26 03:54:46","ICXUSDT","BUY","0.7300000000","13.8300000000ICX","10.09590000USDT","0.0000267400BNB"
"2021-06-25 17:02:40","BRDBTC","SELL","0.0000032300","90.0000000000BRD","0.00029070BTC","0.0000248000BNB"
"2021-06-25 14:52:58","BRDBTC","BUY","0.0000033000","45.0000000000BRD","0.00014850BTC","0.0000127600BNB"
"2021-06-25 13:53:23","THETAUSDT","SELL","6.8200000000","1.5220000000THETA","10.38004000USDT","0.0000267500BNB"
"2021-06-25 12:48:12","THETAUSDT","BUY","6.7000000000","1.5220000000THETA","10.19740000USDT","0.0000267300BNB"
"2021-06-25 11:59:10","THETAUSDT","SELL","6.8050000000","2.9480000000THETA","20.06114000USDT","0.0000518400BNB"
"2021-06-25 08:48:25","BRDBTC","BUY","0.0000032400","33.0000000000BRD","0.00010692BTC","0.0000093600BNB"
"2021-06-25 08:48:25","BRDBTC","BUY","0.0000032400","7.0000000000BRD","0.00002268BTC","0.0000019800BNB"
"2021-06-25 08:48:25","BRDBTC","BUY","0.0000032400","5.0000000000BRD","0.00001620BTC","0.0000014100BNB"
"2021-06-25 08:42:43","BTCUSDT","BUY","34153.4100000000","0.0002950000BTC","10.07525595USDT","0.0000261800BNB"
"2021-06-25 07:32:08","ICXUSDT","SELL","0.7606000000","13.2800000000ICX","10.10076800USDT","0.0000255900BNB"
"2021-06-24 10:54:04","ICXUSDT","BUY","0.7600000000","13.2800000000ICX","10.09280000USDT","0.0000252700BNB"
"2021-06-24 10:43:48","THETAUSDT","BUY","6.8000000000","1.4850000000THETA","10.09800000USDT","0.0000252100BNB"
"2021-06-24 04:17:12","THETAUSDT","BUY","6.9000000000","1.4630000000THETA","10.09470000USDT","0.0000267000BNB"
"2021-06-24 02:05:51","BTCUSDT","SELL","32670.0000000000","0.0006040000BTC","19.73268000USDT","0.0000519300BNB"
"2021-06-24 02:05:25","BTCUSDT","BUY","32633.5400000000","0.0003090000BTC","10.08376386USDT","0.0000266100BNB"
"2021-06-23 19:33:37","LOOMBTC","SELL","0.0000012600","234.0000000000LOOM","0.00029484BTC","0.0000251900BNB"
"2021-06-23 17:07:49","LOOMBTC","BUY","0.0000012500","234.0000000000LOOM","0.00029250BTC","0.0000253200BNB"
"2021-06-23 16:45:10","RCNBTC","SELL","0.0000012200","240.0000000000RCN","0.00029280BTC","0.0000249000BNB"
"2021-06-23 16:11:54","RCNBTC","BUY","0.0000012400","240.0000000000RCN","0.00029760BTC","0.0000257100BNB"
"2021-06-23 16:11:27","BTCUSDT","BUY","33755.0000000000","0.0002980000BTC","10.05899000USDT","0.0000257200BNB"
"2021-06-23 16:06:18","BTCUSDT","SELL","33474.9200000000","0.0003000000BTC","10.04247600USDT","0.0100424800USDT"
"2021-06-23 16:04:29","POLYBTC","SELL","0.0000037400","87.0000000000POLY","0.00032538BTC","0.0000003300BTC"
"2021-06-23 15:31:57","THETAUSDT","SELL","7.0500000000","1.6650000000THETA","11.73825000USDT","0.0117382500USDT"
"2021-06-23 15:24:11","DGBUSDT","SELL","0.0436700000","374.5000000000DGB","16.35441500USDT","0.0163544200USDT"
"2021-06-23 01:44:33","THETAUSDT","BUY","6.9600000000","1.1270000000THETA","7.84392000USDT","0.0011270000THETA"
"2021-06-23 01:44:33","THETAUSDT","BUY","6.9600000000","0.5400000000THETA","3.75840000USDT","0.0000101200BNB"
"2021-06-22 17:41:51","DGBUSDT","BUY","0.0399400000","374.9000000000DGB","14.97350600USDT","0.3749000000DGB"
"2021-06-22 15:30:45","POLYBTC","BUY","0.0000036100","88.0000000000POLY","0.00031768BTC","0.0880000000POLY"
"2021-06-22 15:29:49","BTCUSDT","BUY","31240.0000000000","0.0003230000BTC","10.09052000USDT","0.0000003200BTC"
"2021-06-22 02:32:36","BNBUSDT","SELL","282.1800000000","0.0939000000BNB","26.49670200USDT","0.0264967000USDT"
"2021-06-21 17:18:06","KSMUSDT","BUY","236.0000000000","0.0440000000KSM","10.38400000USDT","0.0000440000KSM"
"2021-06-21 17:09:17","MATICUSDT","BUY","1.2300000000","8.2000000000MATIC","10.08600000USDT","0.0082000000MATIC"
"2021-06-20 13:02:08","BNBUSDT","SELL","317.3700000000","0.0644000000BNB","20.43862800USDT","0.0204386300USDT"
"2021-06-20 11:14:45","NAVBTC","BUY","0.0000118300","24.0000000000NAV","0.00028392BTC","0.0240000000NAV"
"2021-06-20 11:14:17","BTCUSDT","BUY","34173.7300000000","0.0002950000BTC","10.08125035USDT","0.0000003000BTC"
"2021-06-20 11:00:13","KSMUSDT","BUY","283.0000000000","0.0357000000KSM","10.10310000USDT","0.0000357000KSM"
"2021-06-20 11:00:01","SOLUSDT","BUY","33.1500000000","0.3040000000SOL","10.07760000USDT","0.0000234100BNB"
"2021-06-18 09:28:48","BNBUSDT","SELL","353.1300000000","0.0530000000BNB","18.71589000USDT","0.0187158900USDT"
"2021-06-18 08:03:34","DODOUSDT","BUY","1.3580000000","7.4370000000DODO","10.09944600USDT","0.0074370000DODO"
"2021-06-17 07:57:01","NEBLBTC","BUY","0.0000443900","5.0000000000NEBL","0.00022195BTC","0.0050000000NEBL"
"2021-06-17 07:45:49","WTCBTC","SELL","0.0000196200","6.7200000000WTC","0.00013185BTC","0.0000001300BTC"
"2021-06-16 07:09:55","WTCBTC","BUY","0.0000186200","6.7200000000WTC","0.00012513BTC","0.0000103600BNB"
"2021-06-16 07:09:14","BTCUSDT","BUY","40379.8500000000","0.0002500000BTC","10.09496250USDT","0.0000206900BNB"
"2021-06-16 03:32:39","BNBUSDT","SELL","361.0000000000","0.0537000000BNB","19.38570000USDT","0.0000403300BNB"
"2021-06-16 03:30:25","BNBUSDT","BUY","360.0000000000","0.0280000000BNB","10.08000000USDT","0.0000210000BNB"
"2021-06-15 16:53:42","KSMUSDT","BUY","394.4600000000","0.0256000000KSM","10.09817600USDT","0.0000256000KSM"
"2021-06-15 14:07:39","BTCUSDT","SELL","40100.9300000000","0.0002520000BTC","10.10543436USDT","0.0101054300USDT"
"2021-06-15 12:25:10","OSTBTC","SELL","4.400E-7","574.0000000000OST","0.00025256BTC","0.0000002500BTC"
"2021-06-15 11:40:41","BNBUSDT","SELL","368.0000000000","0.0525000000BNB","19.32000000USDT","0.0193200000USDT"
"2021-06-15 11:38:30","BNBUSDT","BUY","367.8400000000","0.0274000000BNB","10.07881600USDT","0.0000205500BNB"
"2021-06-15 11:38:10","TRXUSDT","SELL","0.0713800000","175.3000000000TRX","12.51291400USDT","0.0000255000BNB"
"2021-06-15 11:36:28","DOTUSDT","SELL","24.2890000000","0.4510000000DOT","10.95433900USDT","0.0000223500BNB"
"2021-06-14 15:59:49","OSTBTC","BUY","4.300E-7","575.0000000000OST","0.00024725BTC","0.5750000000OST"
"2021-06-14 15:58:51","BTCUSDT","BUY","40687.6800000000","0.0002470000BTC","10.04985696USDT","0.0000002500BTC"
"2021-06-14 15:17:55","DOTUSDT","BUY","22.4500000000","0.4510000000DOT","10.12495000USDT","0.0004510000DOT"
"2021-06-14 15:17:00","SOLUSDT","SELL","38.7180000000","0.2620000000SOL","10.14411600USDT","0.0101441200USDT"
"2021-06-14 14:59:19","TRXUSDT","BUY","0.0718900000","175.5000000000TRX","12.61669500USDT","0.1755000000TRX"
"2021-06-14 14:57:00","SOLUSDT","BUY","38.5000000000","0.2620000000SOL","10.08700000USDT","0.0002620000SOL"
"2021-06-14 14:55:01","ICPUSDT","BUY","67.0000000000","0.1500000000ICP","10.05000000USDT","0.0001500000ICP"
"2021-06-14 10:07:16","KSMUSDT","SELL","405.0000000000","0.0440000000KSM","17.82000000USDT","0.0178200000USDT"
"2021-06-14 09:45:36","BTCUSDT","SELL","39200.0000000000","0.0003800000BTC","14.89600000USDT","0.0148960000USDT"
"2021-06-14 09:31:17","QSPBTC","SELL","0.0000010900","349.0000000000QSP","0.00038041BTC","0.0000003800BTC"
"2021-06-14 09:18:37","KSMUSDT","BUY","408.1000000000","0.0440000000KSM","17.95640000USDT","0.0000440000KSM"
"2021-06-14 07:28:25","SOLUSDT","SELL","38.1000000000","0.4340000000SOL","16.53540000USDT","0.0165354000USDT"
"2021-06-14 05:42:15","QSPBTC","BUY","0.0000011400","350.0000000000QSP","0.00039900BTC","0.3500000000QSP"
"2021-06-14 05:39:31","BTCUSDT","BUY","39415.0000000000","0.0004000000BTC","15.76600000USDT","0.0000004000BTC"
"2021-06-14 05:30:09","SOLUSDT","SELL","38.0000000000","0.4330000000SOL","16.45400000USDT","0.0164540000USDT"
"2021-06-14 04:55:06","SOLUSDT","BUY","38.0000000000","0.8680000000SOL","32.98400000USDT","0.0008680000SOL"
"2021-06-13 18:45:09","TKOUSDT","SELL","1.9571000000","5.1900000000TKO","10.15734900USDT","0.0101573500USDT"
"2021-06-13 18:38:10","SOLUSDT","SELL","38.0020000000","0.5320000000SOL","20.21706400USDT","0.0202170600USDT"
"2021-06-13 18:15:17","TKOUSDT","BUY","1.9410000000","5.2000000000TKO","10.09320000USDT","0.0052000000TKO"
"2021-06-13 18:07:08","SOLUSDT","BUY","37.4840000000","0.5330000000SOL","19.97897200USDT","0.0005330000SOL"
"2021-06-13 17:10:57","KSMUSDT","SELL","415.0000000000","0.0487000000KSM","20.21050000USDT","0.0202105000USDT"
"2021-06-13 16:56:21","KSMUSDT","BUY","410.0000000000","0.0488000000KSM","20.00800000USDT","0.0000488000KSM"
"2021-06-13 16:53:14","KSMUSDT","SELL","412.0000000000","0.0492000000KSM","20.27040000USDT","0.0202704000USDT"
"2021-06-13 16:29:42","KSMUSDT","BUY","409.0000000000","0.0492000000KSM","20.12280000USDT","0.0000492000KSM"
"2021-06-13 16:27:45","KSMUSDT","SELL","422.0000000000","0.0525000000KSM","22.15500000USDT","0.0221550000USDT"
"2021-06-13 16:14:50","KSMUSDT","BUY","397.0000000000","0.0526000000KSM","20.88220000USDT","0.0000526000KSM"
"2021-06-13 06:30:16","NKNUSDT","SELL","0.2700000000","74.2000000000NKN","20.03400000USDT","0.0200340000USDT"
"2021-06-13 06:15:15","NKNUSDT","BUY","0.2695200000","37.5000000000NKN","10.10700000USDT","0.0375000000NKN"
"2021-06-13 05:30:15","NKNUSDT","BUY","0.2740000000","36.8000000000NKN","10.08320000USDT","0.0368000000NKN"
"2021-06-12 09:49:15","SANDUSDT","SELL","0.2630000000","76.2000000000SAND","20.04060000USDT","0.0200406000USDT"
"2021-06-12 09:46:29","SANDUSDT","BUY","0.2620100000","38.5000000000SAND","10.08738500USDT","0.0385000000SAND"
"2021-06-12 03:46:41","SANDUSDT","BUY","0.2670000000","37.8000000000SAND","10.09260000USDT","0.0378000000SAND"
"2021-06-12 02:25:31","BNBUSDT","SELL","329.0000000000","0.0468000000BNB","15.39720000USDT","0.0153972000USDT"
"2021-06-12 02:24:46","DOTUSDT","SELL","19.9630000000","0.7250000000DOT","14.47317500USDT","0.0000331600BNB"
"2021-06-12 02:03:49","KSMUSDT","SELL","401.0000000000","0.0313000000KSM","12.55130000USDT","0.0000280600BNB"
"2021-06-10 05:53:00","KSMBTC","BUY","0.0136500000","0.0110000000KSM","0.00015015BTC","0.0000114300BNB"
"2021-06-10 05:25:28","HARDBTC","SELL","0.0000242000","6.4000000000HARD","0.00015488BTC","0.0000113800BNB"
"2021-06-10 05:23:39","HARDBTC","BUY","0.0000240000","6.4000000000HARD","0.00015360BTC","0.0000117900BNB"
"2021-06-10 05:22:35","HARDBTC","SELL","0.0000242500","6.4000000000HARD","0.00015520BTC","0.0000121500BNB"
"2021-06-10 05:17:37","HARDBTC","BUY","0.0000248000","6.4000000000HARD","0.00015872BTC","0.0000120600BNB"
"2021-06-10 04:59:49","DATABTC","SELL","0.0000040000","39.0000000000DATA","0.00015600BTC","0.0000120600BNB"
"2021-06-10 04:08:53","DATABTC","BUY","0.0000039500","39.0000000000DATA","0.00015405BTC","0.0000117200BNB"
"2021-06-10 04:01:34","DATABTC","SELL","0.0000040100","39.0000000000DATA","0.00015639BTC","0.0000120000BNB"
"2021-06-10 03:47:10","DATABTC","BUY","0.0000042000","39.0000000000DATA","0.00016380BTC","0.0000123100BNB"
"2021-06-10 03:37:12","DATABTC","SELL","0.0000041300","39.0000000000DATA","0.00016107BTC","0.0000119700BNB"
"2021-06-10 03:29:25","DATABTC","BUY","0.0000041000","39.0000000000DATA","0.00015990BTC","0.0000120700BNB"
"2021-06-10 01:57:13","BTGBTC","SELL","0.0020060000","0.0800000000BTG","0.00016048BTC","0.0000120000BNB"
"2021-06-10 01:42:23","BTGBTC","BUY","0.0020000000","0.0800000000BTG","0.00016000BTC","0.0000120600BNB"
"2021-06-10 01:36:10","BTGBTC","SELL","0.0020270000","0.0800000000BTG","0.00016216BTC","0.0000120200BNB"
"2021-06-10 01:26:46","BTGBTC","BUY","0.0020000000","0.0800000000BTG","0.00016000BTC","0.0000120500BNB"
"2021-06-10 01:19:27","BTGBTC","SELL","0.0020150000","0.0700000000BTG","0.00014105BTC","0.0000104800BNB"
"2021-06-10 01:17:37","BTGBTC","BUY","0.0020000000","0.0700000000BTG","0.00014000BTC","0.0000105400BNB"
"2021-06-10 01:14:38","BTGBTC","SELL","0.0020070000","0.0700000000BTG","0.00014049BTC","0.0000104800BNB"
"2021-06-10 01:08:35","BTGBTC","BUY","0.0020670000","0.0700000000BTG","0.00014469BTC","0.0000108800BNB"
"2021-06-10 01:06:57","BTGBTC","SELL","0.0021040000","0.0700000000BTG","0.00014728BTC","0.0000112600BNB"
"2021-06-10 00:57:12","BTGBTC","BUY","0.0020840000","0.0700000000BTG","0.00014588BTC","0.0000110400BNB"
"2021-06-10 00:54:22","BTGBTC","SELL","0.0021700000","0.0700000000BTG","0.00015190BTC","0.0000112900BNB"
"2021-06-10 00:51:17","BTGBTC","BUY","0.0021470000","0.0700000000BTG","0.00015029BTC","0.0000114400BNB"
"2021-06-10 00:48:26","BTGBTC","SELL","0.0021100000","0.0700000000BTG","0.00014770BTC","0.0000112800BNB"
"2021-06-10 00:47:15","BTGBTC","BUY","0.0020760000","0.0700000000BTG","0.00014532BTC","0.0000110300BNB"
"2021-06-10 00:40:37","FIOBTC","SELL","0.0000065500","24.0000000000FIO","0.00015720BTC","0.0000120500BNB"
"2021-06-09 18:04:29","FIOBTC","BUY","0.0000079500","24.0000000000FIO","0.00019080BTC","0.0000142200BNB"
"2021-06-09 18:02:52","DATABTC","SELL","0.0000042100","45.0000000000DATA","0.00018945BTC","0.0000139100BNB"
"2021-06-09 17:52:28","DATABTC","BUY","0.0000042500","45.0000000000DATA","0.00019125BTC","0.0000140200BNB"
"2021-06-09 17:47:02","DATABTC","SELL","0.0000043500","44.0000000000DATA","0.00019140BTC","0.0000139100BNB"
"2021-06-09 17:45:55","DATABTC","BUY","0.0000044000","44.0000000000DATA","0.00019360BTC","0.0000142300BNB"
"2021-06-09 17:44:43","DATABTC","SELL","0.0000044200","44.0000000000DATA","0.00019448BTC","0.0000139400BNB"
"2021-06-09 17:44:00","DATABTC","BUY","0.0000044000","44.0000000000DATA","0.00019360BTC","0.0000142200BNB"
"2021-06-09 17:26:47","DATABTC","SELL","0.0000043600","44.0000000000DATA","0.00019184BTC","0.0000138700BNB"
"2021-06-09 17:26:31","DATABTC","BUY","0.0000043400","44.0000000000DATA","0.00019096BTC","0.0000140100BNB"
"2021-06-09 17:25:52","DATABTC","SELL","0.0000043100","45.0000000000DATA","0.00019395BTC","0.0000138700BNB"
"2021-06-09 17:23:46","DATABTC","BUY","0.0000042800","45.0000000000DATA","0.00019260BTC","0.0000140800BNB"
"2021-06-09 17:23:15","DATABTC","SELL","0.0000043300","44.0000000000DATA","0.00019052BTC","0.0000138900BNB"
"2021-06-09 17:14:02","DATABTC","BUY","0.0000044400","44.0000000000DATA","0.00019536BTC","0.0000143900BNB"
"2021-06-09 17:02:42","DATABTC","SELL","0.0000045200","43.0000000000DATA","0.00019436BTC","0.0000139500BNB"
"2021-06-09 16:55:43","DATABTC","BUY","0.0000043000","43.0000000000DATA","0.00018490BTC","0.0000136400BNB"
"2021-06-09 16:47:47","DATABTC","SELL","0.0000043500","43.0000000000DATA","0.00018705BTC","0.0000139600BNB"
"2021-06-09 16:45:54","DATABTC","BUY","0.0000043000","43.0000000000DATA","0.00018490BTC","0.0000137600BNB"
"2021-06-09 16:04:43","DATABTC","SELL","0.0000044600","41.0000000000DATA","0.00018286BTC","0.0000133600BNB"
"2021-06-09 15:48:24","DATABTC","BUY","0.0000049000","41.0000000000DATA","0.00020090BTC","0.0000150300BNB"
"2021-06-09 13:44:28","DATABTC","SELL","0.0000057700","35.0000000000DATA","0.00020195BTC","0.0000147500BNB"
"2021-06-09 13:43:55","DATABTC","BUY","0.0000056600","35.0000000000DATA","0.00019810BTC","0.0000147400BNB"
"2021-06-09 13:40:35","DATABTC","SELL","0.0000061600","17.0000000000DATA","0.00010472BTC","0.0000073800BNB"
"2021-06-09 13:38:56","DATABTC","BUY","0.0000068000","17.0000000000DATA","0.00011560BTC","0.0000089700BNB"
"2021-06-09 13:33:47","DATABTC","SELL","0.0000054500","38.0000000000DATA","0.00020710BTC","0.0000154500BNB"
"2021-06-09 13:33:00","DATABTC","BUY","0.0000054000","38.0000000000DATA","0.00020520BTC","0.0000150700BNB"
"2021-06-09 12:51:45","DATABTC","SELL","0.0000045000","46.0000000000DATA","0.00020700BTC","0.0000154400BNB"
"2021-06-09 12:37:40","DATABTC","BUY","0.0000046800","46.0000000000DATA","0.00021528BTC","0.0000155500BNB"
"2021-06-09 11:47:52","DATABTC","SELL","0.0000040100","53.0000000000DATA","0.00021253BTC","0.0000153300BNB"
"2021-06-09 10:22:05","DATABTC","BUY","0.0000041000","53.0000000000DATA","0.00021730BTC","0.0000162100BNB"
"2021-06-09 10:18:10","DATABTC","SELL","0.0000041400","53.0000000000DATA","0.00021942BTC","0.0000160800BNB"
"2021-06-09 10:17:43","DATABTC","BUY","0.0000041000","53.0000000000DATA","0.00021730BTC","0.0000162700BNB"
"2021-06-09 10:16:19","DATABTC","SELL","0.0000042000","52.0000000000DATA","0.00021840BTC","0.0000160800BNB"
"2021-06-09 10:12:44","DATABTC","BUY","0.0000040000","52.0000000000DATA","0.00020800BTC","0.0000155100BNB"
"2021-06-09 10:10:02","MATICBTC","SELL","0.0000417000","5.0000000000MATIC","0.00020850BTC","0.0000153500BNB"
"2021-06-09 10:04:13","MATICBTC","BUY","0.0000416700","5.0000000000MATIC","0.00020835BTC","0.0000152300BNB"
"2021-06-09 09:54:51","DATABTC","SELL","0.0000037000","56.0000000000DATA","0.00020720BTC","0.0000153500BNB"
"2021-06-09 09:51:47","DATABTC","BUY","0.0000036200","56.0000000000DATA","0.00020272BTC","0.0000148800BNB"
"2021-06-09 09:42:28","BNBBTC","SELL","0.0102690000","0.0200000000BNB","0.00020538BTC","0.0000153300BNB"
"2021-06-09 05:12:42","SANDBTC","BUY","0.0000082700","13.0000000000SAND","0.00010751BTC","0.0000077400BNB"
"2021-06-08 17:07:09","TWTBTC","BUY","0.0000092500","11.0000000000TWT","0.00010175BTC","0.0000072600BNB"
"2021-06-08 16:53:09","ICPBTC","SELL","0.0025270000","0.0800000000ICP","0.00020216BTC","0.0000142500BNB"
"2021-06-08 14:31:39","ICPBTC","BUY","0.0026000000","0.0800000000ICP","0.00020800BTC","0.0000147900BNB"
"2021-06-07 14:35:29","BNBBTC","SELL","0.0109720000","0.0200000000BNB","0.00021944BTC","0.0000150100BNB"
"2021-06-06 08:41:20","TKOBTC","BUY","0.0000659000","2.0000000000TKO","0.00013180BTC","0.0000090400BNB"
"2021-06-06 08:32:56","BEAMBTC","BUY","0.0000202800","6.8500000000BEAM","0.00013892BTC","0.0000095400BNB"
"2021-06-06 08:32:28","BTCUSDT","BUY","36190.0000000000","0.0002780000BTC","10.06082000USDT","0.0000192300BNB"
"2021-06-05 15:18:48","BNBUSDT","SELL","395.0000000000","0.0255000000BNB","10.07250000USDT","0.0000191300BNB"
"2021-06-05 14:44:21","TLMBTC","SELL","0.0000048400","21.9000000000TLM","0.00010600BTC","0.0000074800BNB"
"2021-06-05 14:44:10","SXPBTC","SELL","0.0000567900","3.0000000000SXP","0.00017037BTC","0.0000115700BNB"
"2021-06-03 11:20:08","TLMBTC","BUY","0.0000053800","22.0000000000TLM","0.00011836BTC","0.0220000000TLM"
"2021-06-03 11:19:01","SXPBTC","SELL","0.0000592000","1.0000000000SXP","0.00005920BTC","0.0000000600BTC"
"2021-06-03 11:19:01","SXPBTC","SELL","0.0000592000","1.0000000000SXP","0.00005920BTC","0.0000000600BTC"
"2021-06-02 11:11:17","SXPUSDT","BUY","2.0500000000","5.1400000000SXP","10.53700000USDT","0.0000207900BNB"
"2021-06-02 09:38:10","BNBUSDT","SELL","384.5500000000","0.0274000000BNB","10.53667000USDT","0.0000205700BNB"
"2021-06-01 12:22:09","TRXUSDT","BUY","0.0746400000","137.0000000000TRX","10.22568000USDT","0.0000219800BNB"
"2021-06-01 12:16:02","BTCUSDT","SELL","36216.4800000000","0.0002820000BTC","10.21304736USDT","0.0000220800BNB"
"2021-06-01 10:52:57","AVABTC","SELL","0.0000775000","3.6400000000AVA","0.00028210BTC","0.0000218100BNB"
"2021-06-01 05:43:52","DOTUSDT","BUY","22.9650000000","0.7300000000DOT","16.76445000USDT","0.0000353600BNB"
"2021-05-31 12:17:04","BELUSDT","SELL","1.9800000000","8.4700000000BEL","16.77060000USDT","0.0000357600BNB"
"2021-05-31 12:16:03","BELUSDT","BUY","1.9750000000","8.4700000000BEL","16.72825000USDT","0.0000356600BNB"
"2021-05-31 10:51:31","AVAUSDT","BUY","2.8556000000","3.6400000000AVA","10.39438400USDT","0.0000227100BNB"
"2021-05-31 10:50:37","KSMUSDT","BUY","319.5000000000","0.0316000000KSM","10.09620000USDT","0.0000221100BNB"
"2021-05-31 10:08:34","ADXBTC","BUY","0.0000237300","11.0000000000ADX","0.00026103BTC","0.0000212700BNB"
"2021-05-31 10:08:03","BTCUSDT","BUY","36465.0100000000","0.0002760000BTC","10.06434276USDT","0.0000228400BNB"
"2021-05-31 08:21:58","BANDUSDT","SELL","9.1000000000","1.1220000000BAND","10.21020000USDT","0.0000232800BNB"
"2021-05-31 08:13:52","BANDUSDT","BUY","9.0000000000","0.8230000000BAND","7.40700000USDT","0.0000170600BNB"
"2021-05-31 08:13:52","BANDUSDT","BUY","9.0000000000","0.2990000000BAND","2.69100000USDT","0.0000061900BNB"
"2021-05-31 08:13:03","STMXUSDT","SELL","0.0242800000","423.0000000000STMX","10.27044000USDT","0.0000235600BNB"
"2021-05-31 03:02:42","BTCUSDT","SELL","34610.1900000000","0.0005100000BTC","17.65119690USDT","0.0000425000BNB"
"2021-05-31 02:54:04","STMXUSDT","BUY","0.0240000000","423.0000000000STMX","10.15200000USDT","0.0000241700BNB"
"2021-05-31 02:51:28","TROYBTC","SELL","2.300E-7","1171.0000000000TROY","0.00026933BTC","0.0000223400BNB"
"2021-05-31 02:51:00","BRDBTC","SELL","0.0000051300","47.0000000000BRD","0.00024111BTC","0.0000198300BNB"
"2021-05-31 02:45:17","AVAUSDT","SELL","2.6097000000","3.9000000000AVA","10.17783000USDT","0.0000243000BNB"
"2021-05-30 16:08:20","BRDBTC","BUY","0.0000056700","48.0000000000BRD","0.00027216BTC","0.0480000000BRD"
"2021-05-30 16:06:30","EPSBTC","SELL","0.0000247800","11.0000000000EPS","0.00027258BTC","0.0000002700BTC"
"2021-05-30 15:49:35","EPSUSDT","BUY","0.9260000000","11.0930000000EPS","10.27211800USDT","0.0110930000EPS"
"2021-05-30 08:59:02","TROYBTC","BUY","2.400E-7","1173.0000000000TROY","0.00028152BTC","1.1730000000TROY"
"2021-05-30 08:58:08","BTCUSDT","BUY","35700.0000000000","0.0002820000BTC","10.06740000USDT","0.0000002800BTC"
"2021-05-29 15:16:14","ZECUSDT","SELL","161.0000000000","0.0629400000ZEC","10.13334000USDT","0.0101333400USDT"
"2021-05-29 15:14:43","ZECUSDT","BUY","160.3000000000","0.0630000000ZEC","10.09890000USDT","0.0000630000ZEC"
"2021-05-29 13:21:51","AVAUSDT","BUY","2.5800000000","3.9100000000AVA","10.08780000USDT","0.0039100000AVA"
"2021-05-29 09:37:01","ZECUSDT","SELL","167.0000000000","0.0605900000ZEC","10.11853000USDT","0.0101185300USDT"
"2021-05-29 09:34:05","ZECUSDT","BUY","166.5000000000","0.0606600000ZEC","10.09989000USDT","0.0000606600ZEC"
"2021-05-29 09:23:30","AXSUSDT","SELL","5.8404000000","1.7300000000AXS","10.10389200USDT","0.0101038900USDT"
"2021-05-29 09:22:19","AXSUSDT","BUY","5.8000000000","1.7400000000AXS","10.09200000USDT","0.0017400000AXS"
"2021-05-28 11:32:40","BNBUSDT","SELL","323.4300000000","0.0535000000BNB","17.30350500USDT","0.0173035100USDT"
"2021-05-28 07:25:05","SFPUSDT","BUY","1.1300000000","8.9600000000SFP","10.12480000USDT","0.0089600000SFP"
"2021-05-28 06:04:58","BTSUSDT","BUY","0.0605000000","168.2000000000BTS","10.17610000USDT","0.1682000000BTS"
"2021-05-28 04:50:25","BNBUSDT","SELL","355.6600000000","0.0557000000BNB","19.81026200USDT","0.0198102600USDT"
"2021-05-28 04:49:54","BNBUSDT","BUY","354.8000000000","0.0284000000BNB","10.07632000USDT","0.0000213000BNB"
"2021-05-28 04:48:28","UNIUSDT","SELL","27.9000000000","0.7740000000UNI","21.59460000USDT","0.0215946000USDT"
"2021-05-28 04:47:34","MATICUSDT","SELL","1.9109600000","10.9000000000MATIC","20.82946400USDT","0.0208294600USDT"
"2021-05-28 03:23:06","MATICUSDT","BUY","1.9950000000","11.0000000000MATIC","21.94500000USDT","0.0110000000MATIC"
"2021-05-28 00:57:59","REEFBTC","BUY","9.600E-7","130.0000000000REEF","0.00012480BTC","0.1300000000REEF"
"2021-05-27 17:14:17","NEBLBTC","BUY","0.0000446400","3.0000000000NEBL","0.00013392BTC","0.0030000000NEBL"
"2021-05-27 17:11:14","BTCUSDT","BUY","38855.0000000000","0.0002590000BTC","10.06344500USDT","0.0000002600BTC"
"2021-05-27 14:17:14","MATICUSDT","SELL","2.1685400000","4.7000000000MATIC","10.19213800USDT","0.0000197700BNB"
"2021-05-27 14:14:22","MATICUSDT","BUY","2.1450000000","4.7000000000MATIC","10.08150000USDT","0.0000197100BNB"
"2021-05-27 13:05:55","BNBUSDT","SELL","375.0000000000","0.0765000000BNB","28.68750000USDT","0.0000575100BNB"
"2021-05-27 12:29:01","MATICUSDT","BUY","2.2000000000","4.6000000000MATIC","10.12000000USDT","0.0046000000MATIC"
"2021-05-27 12:20:05","KSMUSDT","SELL","331.7600000000","0.0397000000KSM","13.17087200USDT","0.0131708700USDT"
"2021-05-27 11:32:54","KSMUSDT","BUY","326.0000000000","0.0398000000KSM","12.97480000USDT","0.0000398000KSM"
"2021-05-27 11:11:34","ROSEUSDT","BUY","0.0939100000","107.5000000000ROSE","10.09532500USDT","0.1075000000ROSE"
"2021-05-27 11:08:12","BELUSDT","SELL","2.1870000000","5.0600000000BEL","11.06622000USDT","0.0110662200USDT"
"2021-05-27 11:03:06","MATICUSDT","SELL","2.1950000000","5.4000000000MATIC","11.85300000USDT","0.0118530000USDT"
"2021-05-27 10:38:34","REEFUSDT","BUY","0.0313300000","322.0000000000REEF","10.08826000USDT","0.3220000000REEF"
"2021-05-27 10:29:55","PONDUSDT","SELL","0.1240000000","84.9200000000POND","10.53008000USDT","0.0105300800USDT"
"2021-05-27 10:06:13","BELUSDT","BUY","2.0000000000","5.0700000000BEL","10.14000000USDT","0.0050700000BEL"
"2021-05-27 10:04:25","RAMPUSDT","SELL","0.3029000000","33.6300000000RAMP","10.18652700USDT","0.0101865300USDT"
"2021-05-27 10:00:15","PONDUSDT","BUY","0.1188000000","85.0100000000POND","10.09918800USDT","0.0850100000POND"
"2021-05-27 09:58:57","ENJUSDT","SELL","1.8394000000","5.6100000000ENJ","10.31903400USDT","0.0103190300USDT"
"2021-05-27 08:52:35","MATICUSDT","BUY","2.2300000000","5.4000000000MATIC","12.04200000USDT","0.0054000000MATIC"
"2021-05-27 07:57:16","RAMPUSDT","BUY","0.3000000000","33.6600000000RAMP","10.09800000USDT","0.0336600000RAMP"
"2021-05-27 06:38:29","RAMPUSDT","SELL","0.3100000000","33.6200000000RAMP","10.42220000USDT","0.0104222000USDT"
"2021-05-27 06:15:55","MATICUSDT","SELL","2.0740900000","5.7000000000MATIC","11.82231300USDT","0.0118223100USDT"
"2021-05-27 06:09:54","RAMPUSDT","BUY","0.3000000000","33.6600000000RAMP","10.09800000USDT","0.0336600000RAMP"
"2021-05-27 05:20:23","CHZUSDT","SELL","0.3150000000","31.9000000000CHZ","10.04850000USDT","0.0100485000USDT"
"2021-05-27 05:02:10","MATICUSDT","BUY","2.0000000000","5.8000000000MATIC","11.60000000USDT","0.0058000000MATIC"
"2021-05-27 04:38:08","ENJUSDT","BUY","1.8000000000","5.6100000000ENJ","10.09800000USDT","0.0000219000BNB"
"2021-05-27 02:01:38","BNBUSDT","SELL","347.0000000000","0.0303000000BNB","10.51410000USDT","0.0000228500BNB"
"2021-05-27 01:09:50","CHZUSDT","BUY","0.3150000000","32.0000000000CHZ","10.08000000USDT","0.0320000000CHZ"
"2021-05-27 00:51:25","BTCUSDT","BUY","38600.0000000000","0.0002610000BTC","10.07460000USDT","0.0000002600BTC"
"2021-05-27 00:42:16","ETCUSDT","SELL","76.4290000000","0.1380000000ETC","10.54720200USDT","0.0105472000USDT"
"2021-05-26 16:02:51","MATICUSDT","SELL","2.2200000000","4.9000000000MATIC","10.87800000USDT","0.0108780000USDT"
"2021-05-26 15:37:00","MATICUSDT","BUY","2.1900000000","5.0000000000MATIC","10.95000000USDT","0.0050000000MATIC"
"2021-05-26 15:29:39","ETCUSDT","BUY","75.9000000000","0.1390000000ETC","10.55010000USDT","0.0001390000ETC"
"2021-05-26 10:47:48","BTCUSDT","SELL","39750.0000000000","0.0003950000BTC","15.70125000USDT","0.0157012500USDT"
"2021-05-26 10:46:52","BTCUSDT","BUY","39702.9500000000","0.0002540000BTC","10.08454930USDT","0.0000002500BTC"
"2021-05-26 10:44:18","FXSBTC","SELL","0.0000597000","2.3700000000FXS","0.00014149BTC","0.0000001400BTC"
"2021-05-26 10:43:55","BTCUSDT","SELL","39703.5300000000","0.0004020000BTC","15.96081906USDT","0.0159608200USDT"
"2021-05-26 10:43:14","EVXBTC","SELL","0.0000155700","17.0000000000EVX","0.00026469BTC","0.0000002600BTC"
"2021-05-26 08:02:55","AKROUSDT","SELL","0.0260600000","387.0000000000AKRO","10.08522000USDT","0.0100852200USDT"
"2021-05-26 07:22:42","BLZBTC","SELL","0.0000062500","22.0000000000BLZ","0.00013750BTC","0.0000112400BNB"
"2021-05-26 07:16:54","FXSBTC","BUY","0.0000586000","2.3700000000FXS","0.00013888BTC","0.0000111400BNB"
"2021-05-26 07:16:27","BLZBTC","SELL","0.0000063300","22.0000000000BLZ","0.00013926BTC","0.0000112100BNB"
"2021-05-26 05:52:41","BLZUSDT","BUY","0.2559900000","44.2000000000BLZ","11.31475800USDT","0.0000229400BNB"
"2021-05-26 05:52:23","XRPUSDT","SELL","1.0277000000","11.0000000000XRP","11.30470000USDT","0.0000231300BNB"
"2021-05-26 03:49:39","AKROUSDT","BUY","0.0261000000","387.0000000000AKRO","10.10070000USDT","0.0000208800BNB"
"2021-05-26 03:14:35","XRPUSDT","BUY","1.0020000000","11.0000000000XRP","11.02200000USDT","0.0000232900BNB"
"2021-05-26 01:26:28","MATICUSDT","SELL","1.9500000000","5.6000000000MATIC","10.92000000USDT","0.0000236200BNB"
"2021-05-26 01:14:23","MATICUSDT","BUY","1.9260800000","5.6000000000MATIC","10.78604800USDT","0.0000235900BNB"
"2021-05-26 00:04:33","HNTUSDT","SELL","15.0000000000","0.7260000000HNT","10.89000000USDT","0.0000236500BNB"
"2021-05-25 15:56:31","LTCUSDT","SELL","177.0000000000","0.0570700000LTC","10.10139000USDT","0.0000225000BNB"
"2021-05-25 15:42:03","HNTUSDT","BUY","14.3340000000","0.7260000000HNT","10.40648400USDT","0.0000234200BNB"
"2021-05-25 14:56:07","LTCUSDT","BUY","176.9700000000","0.0570700000LTC","10.09967790USDT","0.0000229800BNB"
"2021-05-25 10:54:06","BTCUSDT","SELL","37257.1000000000","0.0002700000BTC","10.05941700USDT","0.0000236300BNB"
"2021-05-25 10:53:53","REEFBTC","SELL","6.300E-7","414.0000000000REEF","0.00026082BTC","0.0000227600BNB"
"2021-05-25 09:43:59","ETCUSDT","SELL","77.0000000000","0.1350000000ETC","10.39500000USDT","0.0103950000USDT"
"2021-05-25 07:30:46","ETCUSDT","BUY","79.5000000000","0.1360000000ETC","10.81200000USDT","0.0001360000ETC"
"2021-05-25 06:16:56","WRXUSDT","SELL","1.5000000000","7.2600000000WRX","10.89000000USDT","0.0108900000USDT"
"2021-05-25 06:00:33","WRXUSDT","BUY","1.4698000000","7.2700000000WRX","10.68544600USDT","0.0072700000WRX"
"2021-05-25 01:43:26","SOLUSDT","SELL","31.1120000000","0.3430000000SOL","10.67141600USDT","0.0106714200USDT"
"2021-05-24 15:32:20","EVXBTC","BUY","0.0000144400","9.0000000000EVX","0.00012996BTC","0.0090000000EVX"
"2021-05-24 13:10:24","EVXBTC","BUY","0.0000150000","9.0000000000EVX","0.00013500BTC","0.0090000000EVX"
"2021-05-24 08:17:46","BTCUSDT","BUY","36740.4100000000","0.0002740000BTC","10.06687234USDT","0.0000002700BTC"
"2021-05-23 12:41:40","UNIUSDT","BUY","15.0000000000","0.7750000000UNI","11.62500000USDT","0.0007750000UNI"
"2021-05-23 03:16:33","SOLUSDT","BUY","29.3000000000","0.3440000000SOL","10.07920000USDT","0.0003440000SOL"
"2021-05-22 17:46:06","REEFUSDT","BUY","0.0243000000","415.0000000000REEF","10.08450000USDT","0.4150000000REEF"
"2021-05-22 07:43:56","BNBUSDT","SELL","295.1300000000","0.0423000000BNB","12.48399900USDT","0.0124840000USDT"
"2021-05-22 07:43:35","BTCUSDT","SELL","36223.7600000000","0.0008120000BTC","29.41369312USDT","0.0000749500BNB"
"2021-05-22 07:42:23","EOSBTC","SELL","0.0001415000","1.2800000000EOS","0.00018112BTC","0.0000166000BNB"
"2021-05-22 07:42:07","ADABTC","SELL","0.0000393700","5.0000000000ADA","0.00019685BTC","0.0000184500BNB"
"2021-05-22 07:41:23","ETHBTC","SELL","0.0615400000","0.0030000000ETH","0.00018462BTC","0.0000166200BNB"
"2021-05-22 07:41:06","LUNABTC","SELL","0.0001916100","0.1000000000LUNA","0.00001916BTC","0.0000018400BNB"
"2021-05-22 07:41:04","LUNABTC","SELL","0.0001916100","1.2000000000LUNA","0.00022993BTC","0.0000212400BNB"
"2021-05-22 03:19:31","LUNAUSDT","BUY","7.7000000000","1.3100000000LUNA","10.08700000USDT","0.0000238300BNB"
"2021-05-22 03:03:58","COSUSDT","SELL","0.0139100000","725.7000000000COS","10.09448700USDT","0.0000233700BNB"
"2021-05-21 01:30:16","EOSBTC","BUY","0.0001635000","1.2800000000EOS","0.00020928BTC","0.0000161400BNB"
"2021-05-21 01:25:29","MATICBTC","SELL","0.0000453300","4.0000000000MATIC","0.00018132BTC","0.0000138200BNB"
"2021-05-21 01:13:41","MATICBTC","BUY","0.0000451000","4.0000000000MATIC","0.00018040BTC","0.0000138000BNB"
"2021-05-21 01:01:00","ETHUSDT","BUY","2900.0000000000","0.0034700000ETH","10.06300000USDT","0.0000184500BNB"
"2021-05-21 00:59:25","LRCBTC","BUY","0.0000101600","14.0000000000LRC","0.00014224BTC","0.0000108500BNB"
"2021-05-21 00:57:28","COSUSDT","BUY","0.0174700000","725.7000000000COS","12.67797900USDT","0.0000231900BNB"
"2021-05-20 16:13:54","CAKEBTC","SELL","0.0004937000","0.4100000000CAKE","0.00020242BTC","0.0000156900BNB"
"2021-05-20 16:11:24","ETHUSDT","SELL","2741.2200000000","0.0040000000ETH","10.96488000USDT","0.0000214500BNB"
"2021-05-20 16:08:20","BLZBTC","SELL","0.0000061400","23.0000000000BLZ","0.00014122BTC","0.0000111000BNB"
"2021-05-20 16:05:19","BEAMUSDT","SELL","0.9547000000","12.3600000000BEAM","11.80009200USDT","0.0000230100BNB"
"2021-05-20 13:31:10","ADABTC","BUY","0.0000445000","5.0000000000ADA","0.00022250BTC","0.0000168800BNB"
"2021-05-20 11:05:53","DOGEBTC","SELL","0.0000096000","24.0000000000DOGE","0.00023040BTC","0.0000187800BNB"
"2021-05-20 10:45:52","DOGEUSDT","BUY","0.4149900000","24.0000000000DOGE","9.95976000USDT","0.0000204600BNB"
"2021-05-20 10:45:19","SHIBUSDT","SELL","0.0000100300","1001734.0000000000SHIB","10.04739202USDT","0.0000209400BNB"
"2021-05-20 08:29:33","BLZBTC","BUY","0.0000067600","23.0000000000BLZ","0.00015548BTC","0.0000125900BNB"
"2021-05-20 08:28:45","KSMBTC","SELL","0.0102230000","0.0150000000KSM","0.00015335BTC","0.0000122300BNB"
"2021-05-20 07:16:26","KSMBTC","BUY","0.0101020000","0.0150000000KSM","0.00015153BTC","0.0000123600BNB"
"2021-05-20 01:57:14","TRUBTC","SELL","0.0000095000","16.8000000000TRU","0.00015960BTC","0.0000142400BNB"
"2021-05-19 18:10:10","BEAMBTC","BUY","0.0000250000","5.2000000000BEAM","0.00013000BTC","0.0000099900BNB"
"2021-05-19 16:16:30","TRUBTC","SELL","0.0000077500","12.8000000000TRU","0.00009920BTC","0.0000075400BNB"
"2021-05-19 16:15:43","TRUBTC","SELL","0.0000077500","4.0000000000TRU","0.00003100BTC","0.0000022600BNB"
"2021-05-19 12:33:05","SHIBUSDT","BUY","0.0000102800","1001734.0000000000SHIB","10.29782552USDT","0.0000225300BNB"
"2021-05-19 12:23:13","BNBUSDT","SELL","392.0000000000","0.0262000000BNB","10.27040000USDT","0.0000197400BNB"
"2021-05-19 12:21:41","BNBBTC","BUY","0.0101370000","0.0100000000BNB","0.00010137BTC","0.0000075000BNB"
"2021-05-19 12:20:16","RCNBTC","SELL","0.0000022100","56.0000000000RCN","0.00012376BTC","0.0000088500BNB"
"2021-05-19 12:18:53","BNBBTC","BUY","0.0101150000","0.0200000000BNB","0.00020230BTC","0.0000150000BNB"
"2021-05-19 12:14:21","SUSHIBTC","SELL","0.0004560000","0.2400000000SUSHI","0.00010944BTC","0.0000080700BNB"
"2021-05-19 12:12:01","SUSHIBTC","BUY","0.0004544000","0.2400000000SUSHI","0.00010906BTC","0.0000080400BNB"
"2021-05-19 12:10:13","BLZBTC","SELL","0.0000077000","25.0000000000BLZ","0.00019250BTC","0.0000139200BNB"
"2021-05-19 05:43:28","BEAMBTC","BUY","0.0000287000","3.8300000000BEAM","0.00010992BTC","0.0000076500BNB"
"2021-05-19 05:31:23","ETHBTC","BUY","0.0760000000","0.0040000000ETH","0.00030400BTC","0.0000209400BNB"
"2021-05-19 05:00:04","OAXBTC","SELL","0.0000061500","18.0000000000OAX","0.00011070BTC","0.0000077400BNB"
"2021-05-19 04:43:49","BTCUSDT","BUY","39000.0000000000","0.0003370000BTC","13.14300000USDT","0.0000242100BNB"
"2021-05-19 04:30:27","ADAUSDT","SELL","1.7143000000","7.6800000000ADA","13.16582400USDT","0.0000231800BNB"
"2021-05-19 03:02:58","ADAUSDT","BUY","1.8100000000","7.6800000000ADA","13.90080000USDT","0.0000226800BNB"
"2021-05-19 02:47:55","TRUBTC","BUY","0.0000073000","33.6000000000TRU","0.00024528BTC","0.0000160500BNB"
"2021-05-19 02:45:47","CAKEUSDT","BUY","24.5000000000","0.4100000000CAKE","10.04500000USDT","0.0000158800BNB"
"2021-05-19 02:43:55","BTCUSDT","BUY","40932.0000000000","0.0002460000BTC","10.06927200USDT","0.0000162000BNB"
"2021-05-19 02:39:13","TRUUSDT","SELL","0.3029000000","0.4500000000TRU","0.13630500USDT","0.0000002100BNB"
"2021-05-19 02:39:13","TRUUSDT","SELL","0.3029000000","32.8300000000TRU","9.94420700USDT","0.0000156400BNB"
"2021-05-19 01:46:18","LINKUSDT","SELL","40.1130000000","0.2850000000LINK","11.43220500USDT","0.0000177500BNB"
"2021-05-19 01:21:51","OAXBTC","BUY","0.0000065000","18.0000000000OAX","0.00011700BTC","0.0000158800BNB"
"2021-05-18 17:34:01","CRVUSDT","SELL","3.5460000000","3.1070000000CRV","11.01742200USDT","0.0000158400BNB"
"2021-05-18 15:40:29","OCEANBTC","SELL","0.0000245800","5.0000000000OCEAN","0.00012290BTC","0.0000076800BNB"
"2021-05-18 13:52:11","CRVUSDT","BUY","3.2500000000","3.1070000000CRV","10.09775000USDT","0.0000148700BNB"
"2021-05-18 13:17:17","XRPUSDT","SELL","1.5778000000","7.3200000000XRP","11.54949600USDT","0.0000170300BNB"
"2021-05-18 09:31:07","BLZUSDT","BUY","0.4123000000","25.5000000000BLZ","10.51365000USDT","0.0000151200BNB"
"2021-05-18 08:47:10","BEAMUSDT","BUY","1.3600000000","7.4500000000BEAM","10.13200000USDT","0.0000146300BNB"
"2021-05-18 06:55:00","CRVUSDT","SELL","3.4000000000","3.1030000000CRV","10.55020000USDT","0.0000150900BNB"
"2021-05-18 06:53:39","CRVUSDT","BUY","3.3910000000","3.1030000000CRV","10.52227300USDT","0.0000150800BNB"
"2021-05-18 03:01:44","LINKUSDT","BUY","38.9000000000","0.2850000000LINK","11.08650000USDT","0.0000159300BNB"
"2021-05-17 20:33:59","BZRXUSDT","SELL","0.6900000000","14.8300000000BZRX","10.23270000USDT","0.0000146300BNB"
"2021-05-17 16:18:08","XRPUSDT","BUY","1.4961000000","7.3300000000XRP","10.96641300USDT","0.0073300000XRP"
"2021-05-17 16:01:45","SXPUSDT","SELL","3.5800000000","2.9970000000SXP","10.72926000USDT","0.0107292600USDT"
"2021-05-17 15:35:40","COMPUSDT","SELL","668.0000000000","0.0159100000COMP","10.62788000USDT","0.0106278800USDT"
"2021-05-17 11:25:04","CAKEUSDT","SELL","28.0690000000","0.3960000000CAKE","11.11532400USDT","0.0111153200USDT"
"2021-05-17 08:37:09","SXPBTC","BUY","0.0000865000","3.0000000000SXP","0.00025950BTC","0.0030000000SXP"
"2021-05-17 08:32:28","OCEANBTC","BUY","0.0000239500","5.0000000000OCEAN","0.00011975BTC","0.0050000000OCEAN"
"2021-05-17 08:28:06","BTCUSDT","BUY","44992.7400000000","0.0004030000BTC","18.13207422USDT","0.0000004000BTC"
"2021-05-17 08:24:33","RCNBTC","BUY","0.0000025500","56.0000000000RCN","0.00014280BTC","0.0560000000RCN"
"2021-05-17 08:23:59","BTCUSDT","SELL","44871.2500000000","0.0002250000BTC","10.09603125USDT","0.0100960300USDT"
"2021-05-17 08:21:48","OCEANBTC","SELL","0.0000238800","7.0000000000OCEAN","0.00016716BTC","0.0000001700BTC"
"2021-05-17 08:16:14","RCNBTC","SELL","0.0000025500","36.0000000000RCN","0.00009180BTC","0.0000000900BTC"
"2021-05-17 08:16:14","RCNBTC","SELL","0.0000025500","43.0000000000RCN","0.00010965BTC","0.0000001100BTC"
"2021-05-17 04:59:25","BZRXUSDT","BUY","0.6800000000","14.8500000000BZRX","10.09800000USDT","0.0148500000BZRX"
"2021-05-17 04:42:12","TRUBTC","BUY","0.0000072800","17.1000000000TRU","0.00012449BTC","0.0171000000TRU"
"2021-05-17 04:40:37","CAKEUSDT","BUY","25.4100000000","0.3970000000CAKE","10.08777000USDT","0.0003970000CAKE"
"2021-05-17 04:40:25","RCNBTC","BUY","0.0000025600","42.0000000000RCN","0.00010752BTC","0.0420000000RCN"
"2021-05-17 04:33:34","COMPUSDT","BUY","634.0000000000","0.0159300000COMP","10.09962000USDT","0.0000159300COMP"
"2021-05-17 03:48:38","BTCUSDT","BUY","43500.0000000000","0.0002320000BTC","10.09200000USDT","0.0000146500BNB"
"2021-05-17 03:37:31","BTCUSDT","SELL","43800.7900000000","0.0003700000BTC","16.20629230USDT","0.0162062900USDT"
"2021-05-17 03:34:57","FLMBTC","SELL","0.0000162600","11.0000000000FLM","0.00017886BTC","0.0000114900BNB"
"2021-05-17 03:34:38","KAVABTC","SELL","0.0001064400","1.8000000000KAVA","0.00019159BTC","0.0000121200BNB"
"2021-05-17 01:19:03","BNBUSDT","SELL","541.0100000000","0.0212000000BNB","11.46941200USDT","0.0000158800BNB"
"2021-05-16 18:32:56","ONTUSDT","SELL","1.9600000000","5.4600000000ONT","10.70160000USDT","0.0000142500BNB"
"2021-05-16 16:34:24","RUNEUSDT","SELL","19.3500000000","0.5210000000RUNE","10.08135000USDT","0.0000132300BNB"
"2021-05-16 14:53:42","TRUBTC","BUY","0.0000078900","16.2000000000TRU","0.00012782BTC","0.0000080300BNB"
"2021-05-16 14:53:16","BTSBTC","SELL","0.0000024000","54.0000000000BTS","0.00012960BTC","0.0000080400BNB"
"2021-05-16 12:27:03","KAVAUSDT","BUY","5.5500000000","1.8700000000KAVA","10.37850000USDT","0.0000130800BNB"
"2021-05-16 12:25:26","RUNEUSDT","SELL","19.9910000000","0.5200000000RUNE","10.39532000USDT","0.0000130700BNB"
"2021-05-16 08:01:30","BTSBTC","BUY","0.0000022800","54.0000000000BTS","0.00012312BTC","0.0000076700BNB"
"2021-05-16 08:00:40","STMXBTC","SELL","8.000E-7","154.0000000000STMX","0.00012320BTC","0.0000074800BNB"
"2021-05-15 13:10:15","STMXBTC","BUY","8.300E-7","154.0000000000STMX","0.00012782BTC","0.0000079100BNB"
"2021-05-15 11:21:11","RUNEUSDT","BUY","18.2300000000","1.0410000000RUNE","18.97743000USDT","0.0000243700BNB"
"2021-05-15 11:20:19","AXSUSDT","SELL","6.8959000000","1.3000000000AXS","8.96467000USDT","0.0000114900BNB"
"2021-05-15 11:20:19","AXSUSDT","SELL","6.8966000000","1.4500000000AXS","10.00007000USDT","0.0000128100BNB"
"2021-05-15 10:10:44","BLZBTC","SELL","0.0000091300","14.0000000000BLZ","0.00012782BTC","0.0000080700BNB"
"2021-05-15 04:35:55","BLZBTC","BUY","0.0000079300","14.0000000000BLZ","0.00011102BTC","0.0000068900BNB"
"2021-05-15 01:28:26","RCNBTC","BUY","0.0000027900","38.0000000000RCN","0.00010602BTC","0.0000066100BNB"
"2021-05-15 01:27:26","BTCUSDT","BUY","50424.1400000000","0.0002170000BTC","10.94203838USDT","0.0000137300BNB"
"2021-05-14 20:28:41","XLMUSDT","SELL","0.6528000000","16.8000000000XLM","10.96704000USDT","0.0000137300BNB"
"2021-05-14 16:30:14","FLMUSDT","BUY","0.9318000000","11.1000000000FLM","10.34298000USDT","0.0000127700BNB"
"2021-05-14 15:25:20","1INCHUSDT","SELL","5.8777000000","1.76000000001INCH","10.34475200USDT","0.0000127500BNB"
"2021-05-14 00:33:35","ONTBTC","BUY","0.0000426900","2.7000000000ONT","0.00011526BTC","0.0000074600BNB"
"2021-05-14 00:31:45","BNBBTC","SELL","0.0115660000","0.0100000000BNB","0.00011566BTC","0.0000077800BNB"
"2021-05-13 16:45:27","XLMUSDT","BUY","0.6000000000","16.8000000000XLM","10.08000000USDT","0.0000127500BNB"
"2021-05-13 16:26:52","1INCHUSDT","BUY","5.6784000000","1.76000000001INCH","9.99398400USDT","0.0000124300BNB"
"2021-05-13 16:02:24","BTCUSDT","SELL","50000.0000000000","0.0004020000BTC","20.10000000USDT","0.0000251700BNB"
"2021-05-13 15:56:27","POWRBTC","SELL","0.0000086700","44.0000000000POWR","0.00038148BTC","0.0000238100BNB"
"2021-05-13 07:21:40","AXSUSDT","BUY","7.5267000000","1.5900000000AXS","11.96745300USDT","0.0000143100BNB"
"2021-05-13 07:20:21","BNBUSDT","SELL","627.5000000000","0.0191000000BNB","11.98525000USDT","0.0000143200BNB"
"2021-05-13 07:18:31","BNBBTC","BUY","0.0122660000","0.0100000000BNB","0.00012266BTC","0.0000075000BNB"
"2021-05-13 07:12:25","STMXBTC","SELL","8.000E-7","180.0000000000STMX","0.00014400BTC","0.0000085500BNB"
"2021-05-12 16:00:58","POWRBTC","BUY","0.0000071400","44.0000000000POWR","0.00031416BTC","0.0000200100BNB"
"2021-05-12 15:57:19","POWRBTC","SELL","0.0000071100","43.0000000000POWR","0.00030573BTC","0.0000198200BNB"
"2021-05-12 14:47:44","POWRBTC","BUY","0.0000072700","15.0000000000POWR","0.00010905BTC","0.0000069600BNB"
"2021-05-12 14:43:32","BNBBTC","SELL","0.0117650000","0.0100000000BNB","0.00011765BTC","0.0000076400BNB"
"2021-05-12 12:40:12","POWRBTC","BUY","0.0000073300","14.0000000000POWR","0.00010262BTC","0.0000065200BNB"
"2021-05-12 12:39:08","COTIBTC","SELL","0.0000069100","15.0000000000COTI","0.00010365BTC","0.0000063400BNB"
"2021-05-12 07:34:27","POWRBTC","BUY","0.0000074800","14.0000000000POWR","0.00010472BTC","0.0000066600BNB"
"2021-05-12 07:34:10","SKLBTC","SELL","0.0000099100","11.0000000000SKL","0.00010901BTC","0.0000070100BNB"
"2021-05-12 02:42:21","OCEANBTC","BUY","0.0000250800","4.0000000000OCEAN","0.00010032BTC","0.0000063300BNB"
"2021-05-12 02:17:37","LRCBTC","SELL","0.0000117500","10.0000000000LRC","0.00011750BTC","0.0000076200BNB"
"2021-05-12 00:50:22","LRCBTC","BUY","0.0000116500","10.0000000000LRC","0.00011650BTC","0.0000074100BNB"
"2021-05-11 15:51:00","BNBBTC","SELL","0.0118990000","0.0100000000BNB","0.00011899BTC","0.0000075600BNB"
"2021-05-09 11:55:11","OCEANBTC","BUY","0.0000252400","4.0000000000OCEAN","0.00010096BTC","0.0040000000OCEAN"
"2021-05-09 11:53:23","KSMBTC","SELL","0.0077200000","0.0160000000KSM","0.00012352BTC","0.0000001200BTC"
"2021-05-09 11:36:06","ONTBTC","BUY","0.0000444900","2.7700000000ONT","0.00012324BTC","0.0027700000ONT"
"2021-05-09 10:15:02","STEEMBTC","SELL","0.0000195500","6.0000000000STEEM","0.00011730BTC","0.0000001200BTC"
"2021-05-09 04:23:45","KSMBTC","BUY","0.0073330000","0.0160000000KSM","0.00011733BTC","0.0000160000KSM"
"2021-05-09 03:57:02","DOGEBTC","SELL","0.0000094900","13.0000000000DOGE","0.00012337BTC","0.0000001200BTC"
"2021-05-09 00:55:13","XVGBTC","BUY","0.0000011700","96.0000000000XVG","0.00011232BTC","0.0960000000XVG"
"2021-05-08 18:12:44","CELOBTC","SELL","0.0000917900","1.1000000000CELO","0.00010097BTC","0.0000001000BTC"
"2021-05-08 06:01:44","DOGEUSDT","BUY","0.7224200000","13.9000000000DOGE","10.04163800USDT","0.0139000000DOGE"
"2021-05-08 06:01:24","KSMUSDT","SELL","440.6200000000","0.0232000000KSM","10.22238400USDT","0.0102223800USDT"
"2021-05-07 22:50:38","OMBTC","BUY","0.0000062300","17.0000000000OM","0.00010591BTC","0.0170000000OM"
"2021-05-07 22:31:39","FISBTC","SELL","0.0000484100","2.4000000000FIS","0.00011618BTC","0.0000001200BTC"
"2021-05-07 21:45:26","KSMUSDT","BUY","432.4300000000","0.0233000000KSM","10.07561900USDT","0.0000233000KSM"
"2021-05-07 21:34:08","FORBTC","BUY","0.0000018000","58.0000000000FOR","0.00010440BTC","0.0580000000FOR"
"2021-05-07 17:21:32","OMBTC","SELL","0.0000062300","17.0000000000OM","0.00010591BTC","0.0000074700BNB"
"2021-05-07 16:51:27","ICXUSDT","SELL","2.8500000000","4.1100000000ICX","11.71350000USDT","0.0117135000USDT"
"2021-05-07 16:22:25","AXSUSDT","BUY","8.6150000000","1.1700000000AXS","10.07955000USDT","0.0011700000AXS"
"2021-05-07 16:21:31","BNBUSDT","SELL","635.5500000000","0.0169000000BNB","10.74079500USDT","0.0107408000USDT"
"2021-05-07 16:15:49","STEEMBTC","BUY","0.0000206900","6.0000000000STEEM","0.00012414BTC","0.0000084900BNB"
"2021-05-07 16:07:47","STEEMBTC","SELL","0.0000208400","6.0000000000STEEM","0.00012504BTC","0.0000088200BNB"
"2021-05-07 13:12:33","BZRXBTC","BUY","0.0000171000","6.0000000000BZRX","0.00010260BTC","0.0000069900BNB"
"2021-05-07 07:38:54","OMBTC","BUY","0.0000065000","17.0000000000OM","0.00011050BTC","0.0000074900BNB"
"2021-05-07 01:55:03","CELOBTC","BUY","0.0000952000","1.1000000000CELO","0.00010472BTC","0.0000070500BNB"
"2021-05-07 01:15:20","BNBBTC","SELL","0.0111470000","0.0300000000BNB","0.00033441BTC","0.0000222100BNB"
"2021-05-06 23:12:42","BTTUSDT","SELL","0.0079862000","1268.0000000000BTT","10.12650160USDT","0.0000119100BNB"
"2021-05-06 08:03:12","ICXUSDT","BUY","2.4525000000","4.1100000000ICX","10.07977500USDT","0.0041100000ICX"
"2021-05-06 08:01:57","ICXUSDT","SELL","2.4469000000","4.4000000000ICX","10.76636000USDT","0.0107663600USDT"
"2021-05-06 07:58:18","SKLUSDT","BUY","0.6761400000","15.0000000000SKL","10.14210000USDT","0.0150000000SKL"
"2021-05-06 05:59:22","AGIBTC","BUY","0.0000078500","14.0000000000AGI","0.00010990BTC","0.0140000000AGI"
"2021-05-05 20:18:38","IOTAUSDT","SELL","1.9800000000","5.1200000000IOTA","10.13760000USDT","0.0101376000USDT"
"2021-05-05 19:01:57","XVGBTC","SELL","0.0000010400","106.0000000000XVG","0.00011024BTC","0.0000001100BTC"
"2021-05-05 18:18:09","FISBTC","BUY","0.0000559000","2.5000000000FIS","0.00013975BTC","0.0025000000FIS"
"2021-05-05 17:34:11","AKROBTC","SELL","9.100E-7","149.0000000000AKRO","0.00013559BTC","0.0000001400BTC"
"2021-05-05 13:19:40","STMXUSDT","BUY","0.0553310000","181.0000000000STMX","10.01491100USDT","0.1810000000STMX"
"2021-05-05 13:19:06","ONEUSDT","SELL","0.1346000000","74.9000000000ONE","10.08154000USDT","0.0100815400USDT"
"2021-05-05 13:11:29","SXPUSDT","BUY","5.0440000000","1.9820000000SXP","9.99720800USDT","0.0019820000SXP"
"2021-05-05 13:07:32","SXPUSDT","SELL","5.0680000000","1.9760000000SXP","10.01436800USDT","0.0100143700USDT"
"2021-05-05 10:29:44","SXPUSDT","BUY","5.0790000000","1.9780000000SXP","10.04626200USDT","0.0019780000SXP"
"2021-05-05 09:20:54","STEEMBTC","BUY","0.0000150800","7.0000000000STEEM","0.00010556BTC","0.0070000000STEEM"
"2021-05-05 09:03:25","XVGBTC","BUY","9.800E-7","107.0000000000XVG","0.00010486BTC","0.1070000000XVG"
"2021-05-05 08:55:57","COTIBTC","BUY","0.0000065600","16.0000000000COTI","0.00010496BTC","0.0160000000COTI"
"2021-05-05 08:47:13","BTCUSDT","BUY","55365.5800000000","0.0003200000BTC","17.71698560USDT","0.0000003200BTC"
"2021-05-05 08:44:50","ICXUSDT","BUY","2.2888000000","4.4100000000ICX","10.09360800USDT","0.0044100000ICX"
"2021-05-05 08:43:47","IOTAUSDT","BUY","1.9710000000","5.1200000000IOTA","10.09152000USDT","0.0000116900BNB"
"2021-05-05 08:16:54","BNBUSDT","SELL","640.0000000000","0.0750000000BNB","48.00000000USDT","0.0480000000USDT"
"2021-05-05 07:54:07","FXSBTC","SELL","0.0001305000","1.3400000000FXS","0.00017487BTC","0.0000109500BNB"
"2021-05-05 07:50:59","DOGEBTC","SELL","0.0000120000","10.0000000000DOGE","0.00012000BTC","0.0000077200BNB"
"2021-05-05 02:13:39","SYSBTC","BUY","0.0000110000","10.0000000000SYS","0.00011000BTC","0.0000073100BNB"
"2021-05-04 18:27:43","BZRXBTC","SELL","0.0000170500","2.0000000000BZRX","0.00003410BTC","0.0000019400BNB"
"2021-05-04 18:27:41","BZRXBTC","SELL","0.0000170500","6.0000000000BZRX","0.00010230BTC","0.0000064800BNB"
"2021-05-04 15:15:25","BZRXBTC","BUY","0.0000158300","8.0000000000BZRX","0.00012664BTC","0.0000083600BNB"
"2021-05-04 15:14:53","SYSBTC","SELL","0.0000103600","11.0000000000SYS","0.00011396BTC","0.0000072700BNB"
"2021-05-04 14:56:13","DOGEBTC","BUY","0.0000097900","10.0000000000DOGE","0.00009790BTC","0.0000064500BNB"
"2021-05-04 11:35:17","LSKBTC","SELL","0.0001135000","1.0000000000LSK","0.00011350BTC","0.0000070700BNB"
"2021-05-03 18:32:03","FXSBTC","BUY","0.0001282000","1.3400000000FXS","0.00017179BTC","0.0000110200BNB"
"2021-05-03 18:31:27","MANABTC","SELL","0.0000245500","7.0000000000MANA","0.00017185BTC","0.0000108700BNB"
"2021-05-03 07:42:52","PERLBTC","BUY","0.0000027800","43.0000000000PERL","0.00011954BTC","0.0000083100BNB"
"2021-05-03 04:04:58","LSKBTC","BUY","0.0000992000","1.0000000000LSK","0.00009920BTC","0.0000068800BNB"
"2021-05-03 04:04:31","BNBBTC","SELL","0.0107770000","0.0200000000BNB","0.00021554BTC","0.0000153000BNB"
"2021-05-03 03:39:30","CTKUSDT","SELL","2.8075000000","3.7800000000CTK","10.61235000USDT","0.0000127500BNB"
"2021-05-02 16:16:49","SYSBTC","BUY","0.0000097000","11.0000000000SYS","0.00010670BTC","0.0000072600BNB"
"2021-05-02 16:14:00","BNBBTC","SELL","0.0110080000","0.0100000000BNB","0.00011008BTC","0.0000074900BNB"
"2021-05-02 16:12:30","IQBUSD","SELL","0.0235560000","425.0000000000IQ","10.01130000BUSD","0.0000000000BNB"
"2021-05-02 05:04:10","ROSEBTC","BUY","0.0000028500","37.0000000000ROSE","0.00010545BTC","0.0370000000ROSE"
"2021-05-02 05:03:53","VIBBTC","SELL","0.0000024900","42.0000000000VIB","0.00010458BTC","0.0000001000BTC"
"2021-05-01 08:54:58","VIBBTC","BUY","0.0000025900","49.0000000000VIB","0.00012691BTC","0.0490000000VIB"
"2021-05-01 08:54:32","DOTBTC","SELL","0.0006334500","0.2000000000DOT","0.00012669BTC","0.0000001300BTC"
"2021-04-30 14:17:28","ASTBTC","BUY","0.0000081000","17.0000000000AST","0.00013770BTC","0.0170000000AST"
"2021-04-30 14:12:20","PHABTC","SELL","0.0000169000","1.0000000000PHA","0.00001690BTC","0.0000000200BTC"
"2021-04-30 14:12:19","PHABTC","SELL","0.0000169000","7.0000000000PHA","0.00011830BTC","0.0000001200BTC"
"2021-04-30 14:01:40","PHABTC","BUY","0.0000165100","9.0000000000PHA","0.00014859BTC","0.0090000000PHA"
"2021-04-30 13:45:39","RLCBTC","SELL","0.0000550000","2.0000000000RLC","0.00011000BTC","0.0000001100BTC"
"2021-04-30 11:25:50","MANAUSDT","BUY","1.4200000000","7.0600000000MANA","10.02520000USDT","0.0000123100BNB"
"2021-04-30 11:22:13","TRXUSDT","SELL","0.1239900000","80.8000000000TRX","10.01839200USDT","0.0000123200BNB"
"2021-04-30 10:03:37","TRXUSDT","BUY","0.1253300000","80.8000000000TRX","10.12666400USDT","0.0000122900BNB"
"2021-04-30 08:11:14","RLCBTC","BUY","0.0000571600","2.0000000000RLC","0.00011432BTC","0.0000075900BNB"
"2021-04-30 07:54:04","BTCUSDT","SELL","54268.8300000000","0.0001860000BTC","10.09400238USDT","0.0000122600BNB"
"2021-04-30 05:24:14","SKLBTC","SELL","0.0000132000","12.0000000000SKL","0.00015840BTC","0.0000106800BNB"
"2021-04-30 05:11:27","BTCUSDT","BUY","54058.7700000000","0.0001850000BTC","10.00087245USDT","0.0000127400BNB"
"2021-04-30 05:03:58","BNBUSDT","SELL","605.1000000000","0.0166000000BNB","10.04466000USDT","0.0000124400BNB"
"2021-04-30 04:38:44","TVKBTC","BUY","0.0000097000","13.0000000000TVK","0.00012610BTC","0.0000084300BNB"
"2021-04-29 18:17:53","ASTBTC","SELL","0.0000069000","19.0000000000AST","0.00013110BTC","0.0000089500BNB"
"2021-04-29 16:41:06","SKLBTC","BUY","0.0000117800","12.0000000000SKL","0.00014136BTC","0.0000097200BNB"
"2021-04-29 16:40:34","BTSBTC","SELL","0.0000020500","68.0000000000BTS","0.00013940BTC","0.0000096400BNB"
"2021-04-29 15:56:05","ASTBTC","BUY","0.0000073800","19.0000000000AST","0.00014022BTC","0.0000095300BNB"
"2021-04-29 14:34:53","ONEUSDT","BUY","0.1344000000","74.9000000000ONE","10.06656000USDT","0.0000126900BNB"
"2021-04-29 13:54:41","NEOUSDT","SELL","90.0000000000","0.1190000000NEO","10.71000000USDT","0.0000133900BNB"
"2021-04-29 13:38:59","LOOMBTC","SELL","0.0000028000","51.0000000000LOOM","0.00014280BTC","0.0000093900BNB"
"2021-04-29 12:38:01","IQBUSD","BUY","0.0228520000","441.0000000000IQ","10.07773200BUSD","0.0000124800BNB"
"2021-04-29 12:37:39","BTCBUSD","SELL","54482.4700000000","0.0002840000BTC","15.47302148BUSD","0.0000191400BNB"
"2021-04-29 12:37:17","BTSBTC","SELL","0.0000020900","68.0000000000BTS","0.00014212BTC","0.0000094300BNB"
"2021-04-29 12:29:26","LINABTC","SELL","0.0000018700","76.0000000000LINA","0.00014212BTC","0.0000094500BNB"
"2021-04-29 05:54:31","LOOMBTC","BUY","0.0000027100","51.0000000000LOOM","0.00013821BTC","0.0000099100BNB"
"2021-04-29 05:53:47","IOTXBTC","SELL","9.200E-7","150.0000000000IOTX","0.00013800BTC","0.0000100400BNB"
"2021-04-28 06:52:59","AKROBTC","BUY","0.0000010100","149.0000000000AKRO","0.00015049BTC","0.0000110200BNB"
"2021-04-28 06:52:42","DOGEBTC","SELL","0.0000053800","28.0000000000DOGE","0.00015064BTC","0.0000111300BNB"
"2021-04-28 06:33:26","DOGEBTC","BUY","0.0000055500","28.0000000000DOGE","0.00015540BTC","0.0000114900BNB"
"2021-04-28 06:33:10","WRXBTC","SELL","0.0000515300","3.0000000000WRX","0.00015459BTC","0.0000111900BNB"
"2021-04-27 16:58:02","BTSBTC","BUY","0.0000021700","58.0000000000BTS","0.00012586BTC","0.0000092300BNB"
"2021-04-27 16:57:40","XRPBTC","SELL","0.0000253900","5.0000000000XRP","0.00012695BTC","0.0000095300BNB"
"2021-04-27 08:29:39","CTKUSDT","BUY","2.7713000000","3.7800000000CTK","10.47551400USDT","0.0000144200BNB"
"2021-04-27 08:29:18","SXPUSDT","SELL","3.7780000000","2.7700000000SXP","10.46506000USDT","0.0000144300BNB"
"2021-04-26 06:17:11","IOTXBTC","BUY","7.300E-7","160.0000000000IOTX","0.00011680BTC","0.0000085100BNB"
"2021-04-26 06:16:52","TVKBTC","SELL","0.0000078000","15.0000000000TVK","0.00011700BTC","0.0000087600BNB"
"2021-04-25 16:10:58","NEOUSDT","BUY","84.8740000000","0.1190000000NEO","10.10000600USDT","0.0000148900BNB"
"2021-04-25 16:10:23","TRXUSDT","SELL","0.1075900000","94.2000000000TRX","10.13497800USDT","0.0000149400BNB"
"2021-04-24 14:00:07","TRXUSDT","BUY","0.1068000000","94.2000000000TRX","10.06056000USDT","0.0000151300BNB"
"2021-04-24 10:11:40","DGBUSDT","SELL","0.1197000000","84.0000000000DGB","10.05480000USDT","0.0000150300BNB"
"2021-04-24 08:39:56","DGBUSDT","BUY","0.1268100000","84.0000000000DGB","10.65204000USDT","0.0000153600BNB"
"2021-04-24 08:38:17","TRXUSDT","SELL","0.1130600000","94.2000000000TRX","10.65025200USDT","0.0000153600BNB"
"2021-04-24 07:57:17","TRXUSDT","BUY","0.1107100000","94.2000000000TRX","10.42888200USDT","0.0000151800BNB"
"2021-04-24 07:21:41","TRXUSDT","SELL","0.1096700000","95.1000000000TRX","10.42961700USDT","0.0000153100BNB"
"2021-04-24 07:07:35","TRXUSDT","BUY","0.1100000000","95.1000000000TRX","10.46100000USDT","0.0000152600BNB"
"2021-04-23 14:16:52","TRXUSDT","SELL","0.1011400000","103.0000000000TRX","10.41742000USDT","0.0000155700BNB"
"2021-04-23 13:43:10","TRXUSDT","BUY","0.0980000000","103.0000000000TRX","10.09400000USDT","0.0000155600BNB"
"2021-04-23 13:36:18","TRXUSDT","SELL","0.0990000000","102.4000000000TRX","10.13760000USDT","0.0000153500BNB"
"2021-04-23 13:33:49","TRXUSDT","BUY","0.0985600000","102.4000000000TRX","10.09254400USDT","0.0000153800BNB"
"2021-04-23 12:26:35","TRXUSDT","SELL","0.1010000000","100.0000000000TRX","10.10000000USDT","0.0000149400BNB"
"2021-04-23 11:02:26","TRXUSDT","BUY","0.1000000000","100.0000000000TRX","10.00000000USDT","0.0000148800BNB"
"2021-04-23 10:21:20","BNBUSDT","SELL","500.0000000000","0.0200000000BNB","10.00000000USDT","0.0000150000BNB"
"2021-04-22 16:13:56","LINABTC","BUY","0.0000018800","76.0000000000LINA","0.00014288BTC","0.0000101200BNB"
"2021-04-22 14:19:15","TVKBTC","BUY","0.0000070800","20.0000000000TVK","0.00014160BTC","0.0000101300BNB"
"2021-04-22 13:01:01","EASYBTC","SELL","0.0002500000","0.6700000000EASY","0.00016750BTC","0.0000123400BNB"
"2021-04-22 12:44:41","DOTBTC","BUY","0.0006452200","0.2000000000DOT","0.00012904BTC","0.0000092900BNB"
"2021-04-22 12:40:58","BTCUSDT","BUY","55238.3000000000","0.0002460000BTC","13.58862180USDT","0.0000179900BNB"
"2021-04-22 12:38:00","EOSUSDT","SELL","6.7290000000","1.5300000000EOS","10.29537000USDT","0.0000133600BNB"
"2021-04-22 11:44:39","EASYBTC","BUY","0.0002769000","0.6700000000EASY","0.00018552BTC","0.0000134800BNB"
"2021-04-22 11:43:05","BTCUSDT","BUY","54832.1900000000","0.0000030000BTC","0.16449657USDT","0.0000007200BNB"
"2021-04-22 11:43:05","BTCUSDT","BUY","54832.2100000000","0.0001820000BTC","9.97946222USDT","0.0000130800BNB"
"2021-04-22 07:26:09","BTCUSDT","SELL","54229.0900000000","0.0002480000BTC","13.44881432USDT","0.0000181400BNB"
"2021-04-22 07:25:03","OAXBTC","SELL","0.0000080200","31.0000000000OAX","0.00024862BTC","0.0000182800BNB"
"2021-04-21 13:03:09","OAXBTC","BUY","0.0000077100","32.0000000000OAX","0.00024672BTC","0.0320000000OAX"
"2021-04-21 13:02:36","BTCUSDT","BUY","55369.7900000000","0.0002530000BTC","14.00855687USDT","0.0000002500BTC"
"2021-04-21 13:01:38","SCUSDT","SELL","0.0446280000","226.0000000000SC","10.08592800USDT","0.0100859300USDT"
"2021-04-21 07:20:22","BTSBTC","BUY","0.0000022500","79.0000000000BTS","0.00017775BTC","0.0790000000BTS"
"2021-04-21 06:03:19","SCUSDT","BUY","0.0441010000","227.0000000000SC","10.01092700USDT","0.2270000000SC"
"2021-04-21 06:00:12","BTTUSDT","BUY","0.0079694000","1270.0000000000BTT","10.12113800USDT","1.2700000000BTT"
"2021-04-21 05:57:11","EOSUSDT","BUY","6.5813000000","1.5300000000EOS","10.06938900USDT","0.0000128200BNB"
"2021-04-20 17:31:46","GRSBTC","SELL","0.0000255000","7.0000000000GRS","0.00017850BTC","0.0000001800BTC"
"2021-04-20 17:02:41","BTCUSDT","SELL","55754.8400000000","0.0004290000BTC","23.91882636USDT","0.0239188300USDT"
"2021-04-20 17:01:15","EASYBTC","SELL","0.0002903000","1.4700000000EASY","0.00042674BTC","0.0000004300BTC"
"2021-04-20 14:55:12","BTTUSDT","SELL","0.0078922000","1302.0000000000BTT","10.27564440USDT","0.0102756400USDT"
"2021-04-19 16:24:18","EASYBTC","BUY","0.0003301000","0.8300000000EASY","0.00027398BTC","0.0008300000EASY"
"2021-04-19 16:24:01","BTCUSDT","BUY","55304.0500000000","0.0001700000BTC","9.40168850USDT","0.0000001700BTC"
"2021-04-19 16:24:01","BTCUSDT","BUY","55301.4100000000","0.0000140000BTC","0.77421974USDT","0.0000008200BNB"
"2021-04-19 16:16:44","CAKEUSDT","SELL","22.8460000000","0.4460000000CAKE","10.18931600USDT","0.0101893200USDT"
"2021-04-19 16:13:47","EASYBTC","BUY","0.0003276000","0.3300000000EASY","0.00010811BTC","0.0003300000EASY"
"2021-04-19 16:11:09","CAKEUSDT","BUY","22.8360000000","0.4480000000CAKE","10.23052800USDT","0.0004480000CAKE"
"2021-04-19 16:00:43","PERLBTC","SELL","0.0000026000","77.0000000000PERL","0.00020020BTC","0.0000002000BTC"
"2021-04-19 14:11:45","ETCUSDT","SELL","34.0000000000","0.3000000000ETC","10.20000000USDT","0.0102000000USDT"
"2021-04-19 10:26:03","PERLBTC","BUY","0.0000028700","78.0000000000PERL","0.00022386BTC","0.0780000000PERL"
"2021-04-19 10:25:18","BTCUSDT","BUY","56403.3000000000","0.0002100000BTC","11.84469300USDT","0.0000002100BTC"
"2021-04-19 10:12:35","SCUSDT","SELL","0.0450000000","230.0000000000SC","10.35000000USDT","0.0103500000USDT"
"2021-04-19 08:57:03","WRXUSDT","BUY","3.1726000000","3.2000000000WRX","10.15232000USDT","0.0032000000WRX"
"2021-04-19 08:56:09","FIROUSDT","SELL","13.7160000000","0.7860000000FIRO","10.78077600USDT","0.0107807800USDT"
"2021-04-19 07:38:52","HOTUSDT","BUY","0.0179268000","562.0000000000HOT","10.07486160USDT","0.5620000000HOT"
"2021-04-19 07:37:33","CAKEUSDT","SELL","24.9180000000","0.4410000000CAKE","10.98883800USDT","0.0000154600BNB"
"2021-04-19 06:21:21","CAKEUSDT","BUY","24.8900000000","0.5880000000CAKE","14.63532000USDT","0.0000207600BNB"
"2021-04-19 06:20:48","VETUSDT","SELL","0.2658380000","38.0000000000VET","10.10184400USDT","0.0000143300BNB"
"2021-04-19 05:50:51","VETUSDT","BUY","0.2593550000","38.0000000000VET","9.85549000USDT","0.0000140100BNB"
"2021-04-19 05:45:58","BTSUSDT","SELL","0.1247600000","81.8000000000BTS","10.20536800USDT","0.0000145300BNB"
"2021-04-19 05:39:09","BTSUSDT","BUY","0.1246300000","81.8000000000BTS","10.19473400USDT","0.0000145800BNB"
"2021-04-19 04:46:00","NEOUSDT","SELL","118.0000000000","0.1220000000NEO","14.39600000USDT","0.0000207300BNB"
"2021-04-18 17:09:49","FIROUSDT","BUY","12.9090000000","0.7860000000FIRO","10.14647400USDT","0.0000159500BNB"
"2021-04-18 09:02:59","EOSUSDT","SELL","6.5000000000","1.5600000000EOS","10.14000000USDT","0.0000163200BNB"
"2021-04-18 06:20:55","GRSBTC","BUY","0.0000246800","7.0000000000GRS","0.00017276BTC","0.0000152700BNB"
"2021-04-18 06:19:06","BTCUSDT","BUY","56370.6000000000","0.0001840000BTC","10.37219040USDT","0.0000159300BNB"
"2021-04-18 06:16:34","FIROUSDT","SELL","12.9610000000","0.7970000000FIRO","10.32991700USDT","0.0000163000BNB"
"2021-04-18 04:26:06","SCUSDT","BUY","0.0437170000","230.0000000000SC","10.05491000USDT","0.0000156000BNB"
"2021-04-18 04:17:00","EOSUSDT","BUY","6.7143000000","1.5600000000EOS","10.47430800USDT","0.0000163900BNB"
"2021-04-18 04:15:46","BNBUSDT","SELL","477.2863000000","0.0220000000BNB","10.50029860USDT","0.0000165100BNB"
"2021-04-18 04:13:41","BTTUSDT","BUY","0.0077537000","1302.0000000000BTT","10.09531740USDT","0.0000159100BNB"
"2021-04-18 04:09:45","NEOUSDT","BUY","82.2000000000","0.1220000000NEO","10.02840000USDT","0.0000159300BNB"
"2021-04-18 04:05:47","ETCUSDT","BUY","33.7534000000","0.3000000000ETC","10.12602000USDT","0.0000162300BNB"
"2021-04-18 04:03:17","IOSTUSDT","SELL","0.0750000000","141.0000000000IOST","10.57500000USDT","0.0000167000BNB"
"2021-04-18 03:42:10","ETCUSDT","SELL","31.0000000000","0.3300000000ETC","10.23000000USDT","0.0000163500BNB"
"2021-04-18 03:37:12","SCUSDT","SELL","0.0400000000","308.0000000000SC","12.32000000USDT","0.0000196800BNB"
"2021-04-18 03:23:58","NEOUSDT","SELL","81.0000000000","0.1480000000NEO","11.98800000USDT","0.0000181600BNB"
"2021-04-16 16:47:25","TRXTUSD","BUY","0.1677700000","59.7000000000TRX","10.01586900TUSD","0.0000143500BNB"
"2021-04-16 16:44:48","IOSTUSDT","BUY","0.0724910000","141.0000000000IOST","10.22123100USDT","0.0000149600BNB"
"2021-04-16 16:42:48","BNBUSDT","SELL","512.3435000000","0.0200000000BNB","10.24687000USDT","0.0000149900BNB"
"2021-04-16 14:09:05","TRXTUSD","SELL","0.1430700000","70.1000000000TRX","10.02920700TUSD","0.0000148800BNB"
"2021-04-16 09:58:57","ETCUSDT","BUY","30.3144000000","0.3300000000ETC","10.00375200USDT","0.0000143100BNB"
"2021-04-16 09:26:55","EOSUSDT","SELL","7.6500000000","1.3100000000EOS","10.02150000USDT","0.0000144100BNB"
"2021-04-16 07:06:18","BNBUSDT","BUY","535.6181000000","0.0190000000BNB","10.17674390USDT","0.0000142500BNB"
"2021-04-16 04:42:48","ETCUSDT","SELL","31.0000000000","0.4700000000ETC","14.57000000USDT","0.0000210700BNB"
"2021-04-15 17:13:12","FIROUSDT","BUY","12.6700000000","0.7970000000FIRO","10.09799000USDT","0.0000138000BNB"
"2021-04-15 08:51:56","EASYBTC","BUY","0.0004880000","0.3200000000EASY","0.00015616BTC","0.0000132500BNB"
"2021-04-15 08:47:34","BTCUSDT","BUY","62801.0700000000","0.0000090000BTC","0.56520963USDT","0.0000008500BNB"
"2021-04-15 08:47:34","BTCUSDT","BUY","62801.0700000000","0.0001510000BTC","9.48296157USDT","0.0000128400BNB"
"2021-04-14 09:12:24","ETCUSDT","BUY","21.6584000000","0.4700000000ETC","10.17944800USDT","0.0000132200BNB"
"2021-04-14 09:09:33","EOSUSDT","BUY","7.6800000000","1.3100000000EOS","10.06080000USDT","0.0000129700BNB"
"2021-04-14 09:01:47","NEOUSDT","BUY","68.0000000000","0.1480000000NEO","10.06400000USDT","0.0000129400BNB"
"2021-04-14 08:59:39","TRXUSDT","BUY","0.1441200000","70.1000000000TRX","10.10281200USDT","0.0000131000BNB"
"2021-04-14 08:57:32","SCUSDT","BUY","0.0327130000","308.0000000000SC","10.07560400USDT","0.0000132600BNB"
"2021-04-14 05:50:00","SXPBUSD","BUY","4.7511000000","2.7700000000SXP","13.16054700BUSD","0.0000000000BNB"
"2021-04-14 05:42:12","XRPUSDT","BUY","1.9385500000","5.2000000000XRP","10.08046000USDT","0.0000128500BNB"
"2021-04-14 05:38:54","BUSDUSDT","SELL","0.9995000000","13.2600000000BUSD","13.25337000USDT","0.0000000000BNB"
