UID,Account Type,Order ID,Order Time(UTC+05:30),Symbol,Side,Order Type,Order Price,Order Amount,Avg Filled Price,Filled Amount,Filled Volume,Filled Volume (USDT),Filled Time(UTC+05:30),Fee,Fee Currency,Status
****4746,mainAccount,61fea5923526430001244ccd,2022-02-05 21:58:02,TRX-USDT,SELL,LIMIT,0.065544,1553.4348,0.065544,1553.4348,101.8183305312,101.8183305312,2022-02-05 21:58:03,0.1018183305312,USDT,deal
****4746,mainAccount,6203aa8eb6f11000016fa771,2022-02-09 17:20:38,CWEB-USDT,BUY,MARKET,0,0,0.03528,141.723356,4.99999999968,4.99999999968,2022-02-09 17:20:38,0.00999999999936,USDT,part_deal
****4746,mainAccount,6203ab94fd31e50001477616,2022-02-09 17:25:00,BLOK-USDT,BUY,MARKET,0,0,0.024598,203.26855841,4.99999999976918,4.99999999976918,2022-02-09 17:25:00,0.00999999999953836,USDT,part_deal
****4746,mainAccount,6203ac1ffd31e5000149809d,2022-02-09 17:27:19,CHMB-USDT,BUY,LIMIT,0.05254,100,0.05254,100,5.254,5.254,2022-02-09 17:27:20,0.015762,USDT,deal
****4746,mainAccount,6203ae8c7ee3b40001779dd1,2022-02-09 17:37:40,XLM-USDT,BUY,LIMIT,0.237989,22,0.237989,22,5.235758,5.235758,2022-02-09 17:38:14,0.005235758,USDT,deal
****4746,mainAccount,620518d8b6f1100001c211b2,2022-02-10 19:23:28,CHMB-USDT,SELL,LIMIT,0.05381,100,0.05381,100,5.381,5.381,2022-02-10 19:23:28,0.016143,USDT,deal
****4746,mainAccount,62052af9b6f1100001341ff2,2022-02-10 20:40:49,CWEB-USDT,SELL,LIMIT,0.0425,141.7233,0.0425,141.7233,6.02324025,6.02324025,2022-03-25 11:51:48,0.0120464805,USDT,deal
****4746,mainAccount,6205f572a4d3ac00014dac50,2022-02-11 11:04:42,DOT-USDT,BUY,LIMIT,20.3342,0.33,20.3342,0.33,6.710286,6.710286,2022-02-11 11:04:47,0.006710286,USDT,deal
****4746,mainAccount,6205f5d6cb789f00011e7df3,2022-02-11 11:06:22,SOL-USDT,BUY,LIMIT,104.388,0.065,104.382,0.065,6.78483,6.78483,2022-02-11 11:06:22,0.00678483,USDT,deal
****4746,mainAccount,6205f625fec9a60001bc8a6c,2022-02-11 11:07:41,SXP-USDT,BUY,LIMIT,1.4515,5.34,1.4515,5.34,7.75101,7.75101,2022-02-11 11:08:15,0.00775101,USDT,deal
****4746,mainAccount,6206ce29cb789f0001b340a1,2022-02-12 02:29:21,DOT-USDT,BUY,LIMIT,19.0814,0.02,19.0624,0.02,0.381248,0.381248,2022-02-12 02:29:21,0.000381248,USDT,deal
****4746,mainAccount,6206ce950bb1060001a1d07e,2022-02-12 02:31:09,ICP-USDT,BUY,LIMIT,20.04,0.1,20.04,0.1,2.004,2.004,2022-02-12 02:31:09,0.002004,USDT,deal
****4746,mainAccount,6206ceb7efab180001c234fd,2022-02-12 02:31:43,VET-USDT,BUY,LIMIT,0.0589852,25,0.0588522,25,1.471305,1.471305,2022-02-12 02:31:43,0.001471305,USDT,deal
****4746,mainAccount,6206ced33526430001159e9f,2022-02-12 02:32:11,EWT-USDT,BUY,LIMIT,6.2,0.2,6.2,0.2,1.24,1.24,2022-02-12 02:32:17,0.00124,USDT,deal
****4746,mainAccount,6206cf1d35fbd00001e88b0a,2022-02-12 02:33:25,LINK-USDT,BUY,LIMIT,16.5167,0.07,16.5132,0.07,1.155924,1.155924,2022-02-12 02:33:25,0.001155924,USDT,deal
****4746,mainAccount,620728c919673d0001ece0a1,2022-02-12 08:56:01,MATIC-USDT,BUY,LIMIT,1.7136,2.1,1.713,2.1,3.5973,3.5973,2022-02-12 08:56:01,0.0035973,USDT,deal
****4746,mainAccount,6207290f35fbd000013f81a0,2022-02-12 08:57:11,FTT-USDT,BUY,LIMIT,43.562,0.1,43.562,0.1,4.3562,4.3562,2022-02-12 08:57:11,0.0043562,USDT,deal
****4746,mainAccount,6209d7adf235a400014071b2,2022-02-14 09:46:45,THETA-USDT,BUY,LIMIT,3.4907,0.1,3.4907,0.1,0.34907,0.34907,2022-02-14 09:46:45,0.00034907,USDT,deal
****4746,mainAccount,6209d815efab180001d56efb,2022-02-14 09:48:29,ICP-USDT,BUY,LIMIT,19.56,0.055,19.56,0.055,1.0758,1.0758,2022-02-14 09:48:29,0.0010758,USDT,deal
****4746,mainAccount,620b7ef135fbd000015087f0,2022-02-15 15:52:41,VET-USDT,BUY,LIMIT,0.059407,10,0.059407,10,0.59407,0.59407,2022-02-15 15:53:07,0.00059407,USDT,deal
****4746,mainAccount,620b7f4ffec9a60001c16077,2022-02-15 15:54:15,BTT-USDT,BUY,LIMIT,0.000002215,100000,0.000002213,100000,0.2213,0.2213,2022-02-15 15:54:15,0.0002213,USDT,deal
****4746,mainAccount,620b7f6dfd31e500017a8295,2022-02-15 15:54:45,ZIL-USDT,BUY,LIMIT,0.0508,10,0.0508,10,0.508,0.508,2022-02-15 15:54:45,0.000508,USDT,deal
****4746,mainAccount,620e5ea75772dc00019a82b9,2022-02-17 20:11:43,AVA-USDT,BUY,LIMIT,1.54381,1,1.543735,1,1.543735,1.543735,2022-02-17 20:11:44,0.001543735,USDT,deal
****4746,mainAccount,620e62bb19673d00015a71c7,2022-02-17 20:29:07,THETA-USDT,BUY,LIMIT,3.6038,1,3.6038,1,3.6038,3.6038,2022-02-17 20:30:21,0.0036038,USDT,deal
****4746,mainAccount,620f7d35fd31e50001b5dea8,2022-02-18 16:34:21,ADA-USDT,BUY,LIMIT,1.028776,1,1.028776,1,1.028776,1.028776,2022-02-18 16:34:36,0.001028776,USDT,deal
****4746,mainAccount,62131a4a0bb106000143382e,2022-02-21 10:21:22,MATIC-USDT,BUY,LIMIT,1.5921,0.5,1.5911,0.5,0.79555,0.79555,2022-02-21 10:21:22,0.00079555,USDT,deal
****4746,mainAccount,6215173b2f40ee0001f95fb1,2022-02-22 22:32:51,LINK-USDT,BUY,LIMIT,13.9292,0.1,13.9292,0.1,1.39292,1.39292,2022-02-22 22:32:55,0.00139292,USDT,deal
****4746,mainAccount,621517af084edc00014fcde6,2022-02-22 22:34:47,AVA-USDT,BUY,LIMIT,1.169533,0.5,1.169533,0.5,0.5847665,0.5847665,2022-02-22 22:34:47,0.0005847665,USDT,deal
****4746,mainAccount,621517d8417c5b0001ecca6e,2022-02-22 22:35:28,AVA-USDT,BUY,LIMIT,1.169533,0.2,1.169533,0.2,0.2339066,0.2339066,2022-02-22 22:35:29,0.0002339066,USDT,deal
****4746,mainAccount,6216165ecddbc30001bd7af6,2022-02-23 16:41:26,ZIL-USDT,BUY,LIMIT,0.0417,100,0.0417,100,4.17,4.17,2022-02-23 16:41:31,0.00417,USDT,deal
****4746,mainAccount,621617deb354c10001aee685,2022-02-23 16:47:50,AVA-USDT,BUY,LIMIT,1.187811,2,1.187811,2,2.375622,2.375622,2022-02-23 16:47:50,0.002375622,USDT,deal
****4746,mainAccount,621618733995d70001f7bdd4,2022-02-23 16:50:19,AVA-USDT,BUY,LIMIT,1.19,2,1.186466,2,2.372932,2.372932,2022-02-23 16:50:19,0.002372932,USDT,deal
****4746,mainAccount,621618bb40954a0001a30b27,2022-02-23 16:51:31,ZEC-USDT,BUY,LIMIT,104.847,0.001,104.847,0.001,0.104847,0.104847,2022-02-23 16:51:31,0.000104847,USDT,deal
****4746,mainAccount,621618dec97f6c00011a817c,2022-02-23 16:52:06,ZEC-USDT,BUY,LIMIT,104.847,0.005,104.847,0.005,0.524235,0.524235,2022-02-23 16:52:06,0.000524235,USDT,deal
****4746,mainAccount,621619213995d70001fa1c4d,2022-02-23 16:53:13,ICP-USDT,BUY,LIMIT,18.3,0.2,18.3,0.2,3.66,3.66,2022-02-23 16:53:13,0.00366,USDT,deal
****4746,mainAccount,621619d5c97f6c00011dc8c1,2022-02-23 16:56:13,EWT-USDT,BUY,LIMIT,5.306,1,5.306,1,5.306,5.306,2022-02-23 16:56:15,0.005306,USDT,deal
****4746,mainAccount,62161aef40954a0001aaf125,2022-02-23 17:00:55,GRT-USDT,BUY,LIMIT,0.3909,10,0.3909,10,3.909,3.909,2022-02-23 17:00:55,0.003909,USDT,deal
****4746,mainAccount,62161bdf417c5b00018e718f,2022-02-23 17:04:55,LINK-USDT,BUY,LIMIT,14.4584,0.17,14.4584,0.17,2.457928,2.457928,2022-02-23 17:07:55,0.002457928,USDT,deal
****4746,mainAccount,62161c4240954a0001af8b04,2022-02-23 17:06:34,BTT-USDT,BUY,LIMIT,0.00000196,500000,0.00000196,500000,0.98,0.98,2022-02-23 17:06:34,0.00098,USDT,deal
****4746,mainAccount,62161c6bb354c10001bec7ee,2022-02-23 17:07:15,MANA-USDT,BUY,LIMIT,2.78224,1.4,2.78224,1.4,3.895136,3.895136,2022-02-23 17:07:41,0.003895136,USDT,deal
****4746,mainAccount,62161c973995d70001063534,2022-02-23 17:07:59,OCEAN-USDT,BUY,LIMIT,0.4819,7.2,0.4812,7.2,3.46464,3.46464,2022-02-23 17:08:00,0.00346464,USDT,deal
****4746,mainAccount,62170388cddbc30001bc287a,2022-02-24 09:33:20,XLM-USDT,BUY,LIMIT,0.16465,59.5758,0.164518,59.5758,9.8012914644,9.8012914644,2022-02-24 09:33:21,0.0098012914644,USDT,deal
****4746,mainAccount,623df1f79555e00001a91a29,2022-03-25 22:16:47,KDA-USDT,BUY,LIMIT,6,0.2,6,0.2,1.2,1.2,2022-04-11 06:36:53,0.0024,USDT,deal
****4746,mainAccount,623f5b2b87b4cb0001ed96b0,2022-03-26 23:57:55,ZIL-USDT,SELL,LIMIT,0.0641,72,0.0641,72,4.6152,4.6152,2022-03-26 23:57:57,0.0046152,USDT,deal
****4746,mainAccount,623fd886b29df80001e8e2f7,2022-03-27 08:52:46,ZIL-USDT,SELL,LIMIT,0.0857,38,0.0857,38,3.2566,3.2566,2022-03-27 08:52:46,0.0032566,USDT,deal
****4746,mainAccount,6240c2fda09748000106460b,2022-03-28 01:33:09,MATIC-USDT,BUY,LIMIT,1.6539,2.8,1.6539,2.8,4.63092,4.63092,2022-03-28 01:33:10,0.00463092,USDT,deal
****4746,mainAccount,6240c425958ade0001bb55fc,2022-03-28 01:38:05,ETH-USDT,BUY,LIMIT,3175.89,0.0009,3175.89,0.0009,2.858301,2.858301,2022-03-28 01:39:00,0.002858301,USDT,deal
****4746,mainAccount,6240c4d0958ade0001bd5ee8,2022-03-28 01:40:56,OCEAN-USDT,BUY,LIMIT,0.5993,4,0.5993,4,2.3972,2.3972,2022-03-28 01:40:56,0.0023972,USDT,deal
****4746,mainAccount,6240c4f558d97b00019ab819,2022-03-28 01:41:33,XVS-USDT,BUY,LIMIT,10.641,0.141,10.641,0.141,1.500381,1.500381,2022-03-28 01:41:33,0.001500381,USDT,deal
****4746,mainAccount,6240c571a0974800010dba06,2022-03-28 01:43:37,1INCH-USDT,BUY,LIMIT,1.717,0.35,1.716,0.35,0.6006,0.6006,2022-03-28 01:43:37,0.0006006,USDT,deal
****4746,mainAccount,6240c57a15b417000108f29d,2022-03-28 01:43:46,1INCH-USDT,BUY,LIMIT,1.717,2,1.715,2,3.43,3.43,2022-03-28 01:43:47,0.00343,USDT,deal
****4746,mainAccount,6240c5969555e00001ba44ee,2022-03-28 01:44:14,XRP-USDT,BUY,LIMIT,0.84116,0.7,0.84116,0.7,0.588812,0.588812,2022-03-28 01:44:22,0.000588812,USDT,deal
****4746,mainAccount,6245f6bdea2b3a0001f89242,2022-04-01 00:15:17,XLM-USDT,BUY,LIMIT,0.233712,10,0.233667,10,2.33667,2.33667,2022-04-01 00:15:17,0.00233667,USDT,deal
****4746,mainAccount,6245f74efce0ff0001e667ba,2022-04-01 00:17:42,XLM-USDT,BUY,LIMIT,0.233517,40,0.233517,40,9.34068,9.34068,2022-04-01 00:17:52,0.00934068,USDT,deal
****4746,mainAccount,6256bc8fef305f00018e970b,2022-04-13 17:35:35,SOL-USDT,SELL,MARKET,0,0.065,101.254,0.065,6.58151,6.58151,2022-04-13 17:35:36,0.00658151,USDT,deal
****4746,mainAccount,627be0ec6109da000167b5b6,2022-05-11 21:44:36,DOT-USDT,BUY,LIMIT,9.675,0.5,9.675,0.5,4.8375,4.8375,2022-05-11 21:44:36,0.0048375,USDT,deal
****4746,mainAccount,627be5f27052850001a4beaa,2022-05-11 22:06:02,BLOK-USDT,BUY,LIMIT,0.006621,300,0.006621,300,1.9863,1.9863,2022-05-11 22:06:28,0.0039726,USDT,deal
****4746,mainAccount,627be62c7052850001a66cb7,2022-05-11 22:07:00,MOVR-USDT,BUY,LIMIT,23.4962,0.0856,23.4962,0.0856,2.01127472,2.01127472,2022-05-11 22:07:01,0.00402254944,USDT,deal
****4746,mainAccount,627be65d64e18b0001124454,2022-05-11 22:07:49,RSR-USDT,BUY,LIMIT,0.00488,440,0.00488,440,2.1472,2.1472,2022-05-11 22:07:49,0.0021472,USDT,deal
****4746,mainAccount,627be68057014a000117fcc9,2022-05-11 22:08:24,CTSI-USDT,BUY,LIMIT,0.185,11,0.184,11,2.024,2.024,2022-05-11 22:08:25,0.002024,USDT,deal
****4746,mainAccount,627be6d4e8fb91000178b037,2022-05-11 22:09:48,BICO-USDT,BUY,LIMIT,0.5,4,0.5,4,2,2,2022-05-12 00:35:30,0.002,USDT,deal
****4746,mainAccount,627be7125a093000017841da,2022-05-11 22:10:50,BTC-USDT,BUY,LIMIT,30719.9,0.00007,30719.9,0.00007,2.150393,2.150393,2022-05-11 22:11:03,0.002150393,USDT,deal
****4746,mainAccount,627be73a8333ac00016c5f38,2022-05-11 22:11:30,UTK-BTC,BUY,LIMIT,0.00000401,17.4389,0.00000401,17.4389,0.000069929989,2.00853980606206313318,2022-05-11 22:12:20,0.000000069929989,BTC,deal
****4746,mainAccount,627be7948333ac00016ee822,2022-05-11 22:13:00,AVA-USDT,BUY,LIMIT,0.6888,2.9,0.6888,2.9,1.99752,1.99752,2022-05-11 22:14:01,0.00199752,USDT,deal
****4746,mainAccount,627be7c892bb2600018f7b9d,2022-05-11 22:13:52,VIDT-USDT,BUY,LIMIT,0.1776,11.3,0.1776,11.3,2.00688,2.00688,2022-05-11 22:13:56,0.00200688,USDT,deal
****4746,mainAccount,627cbc8e57014a0001703265,2022-05-12 13:21:42,USDC-USDT,BUY,LIMIT,1.03474,8.7354,1.03474,8.7354,9.038867796,9.038867796,2022-05-12 13:22:08,0.009038867796,USDT,deal
****4746,mainAccount,62a57eceb22607000108f37b,2022-06-12 11:21:10,DOT-USDT,BUY,LIMIT,7.6225,0.132,7.6225,0.132,1.00617,1.00617,2022-06-12 11:21:38,0.00100617,USDT,deal
****4746,mainAccount,62a57f01e49b1200011f6a2e,2022-06-12 11:22:01,FTT-USDT,BUY,LIMIT,26.911,0.04,26.911,0.04,1.07644,1.07644,2022-06-12 11:23:09,0.00107644,USDT,deal
****4746,mainAccount,62a57f49e49b120001204e44,2022-06-12 11:23:13,MANA-USDT,BUY,LIMIT,0.7755,1.3,0.7755,1.3,1.00815,1.00815,2022-06-12 11:24:08,0.00100815,USDT,deal
****4746,mainAccount,62a57f8f52468b0001197f35,2022-06-12 11:24:23,NEAR-USDT,BUY,LIMIT,3.7724,0.28,3.7724,0.28,1.056272,1.056272,2022-06-12 11:25:05,0.001056272,USDT,deal
****4746,mainAccount,62a581d8e34ff00001cddaba,2022-06-12 11:34:08,GRT-USDT,BUY,LIMIT,0.11298,9,0.11298,9,1.01682,1.01682,2022-06-12 11:34:09,0.00101682,USDT,deal
****4746,mainAccount,62a581fcb226070001138a1d,2022-06-12 11:34:44,THETA-USDT,BUY,LIMIT,1.1059,0.91,1.1059,0.91,1.006369,1.006369,2022-06-12 11:34:46,0.001006369,USDT,deal
****4746,mainAccount,62a58329e49b1200012c7cdc,2022-06-12 11:39:45,VET-USDT,BUY,LIMIT,0.0262101,39,0.0262101,39,1.0221939,1.0221939,2022-06-12 11:39:46,0.0010221939,USDT,deal
****4746,mainAccount,62a58421512dfa0001d9109b,2022-06-12 11:43:53,EWT-USDT,BUY,LIMIT,2.689,0.418,2.689,0.418,1.124002,1.124002,2022-06-12 11:43:54,0.001124002,USDT,deal
****4746,mainAccount,62a58445b050750001f7c1fc,2022-06-12 11:44:29,ATOM-USDT,BUY,MARKET,0,0,7.085,0.14114326,0.9999999971,0.9999999971,2022-06-12 11:44:29,0.0009999999971,USDT,part_deal
****4746,mainAccount,62a58458512dfa0001d9b650,2022-06-12 11:44:48,GALAX-USDT,BUY,MARKET,0,0,0.05774,17.31901627,0.9999999994298,0.9999999994298,2022-06-12 11:44:48,0.0019999999988596,USDT,part_deal
****4746,mainAccount,62a5846bb2260700011a9a2e,2022-06-12 11:45:07,MOVR-USDT,BUY,MARKET,0,0,16.5928,0.0602671,0.99999993688,0.99999993688,2022-06-12 11:45:07,0.00199999987376,USDT,part_deal
****4746,mainAccount,62a58486001fb200015b7a28,2022-06-12 11:45:34,WAX-USDT,BUY,MARKET,0,0,0.096,10.41666666,0.99999999936,0.99999999936,2022-06-12 11:45:34,0.00099999999936,USDT,part_deal
****4746,mainAccount,62a5bf67cc3d5f00013700e8,2022-06-12 15:56:47,RSR-USDT,SELL,LIMIT,0.001,440,0.00716,440,3.1504,3.1504,2022-06-12 15:56:48,0.0031504,USDT,deal
****4746,mainAccount,62a5bfbcc47cf9000101539a,2022-06-12 15:58:12,RSR-USDT,BUY,LIMIT,0.00719,150,0.00719,150,1.0785,1.0785,2022-06-12 15:58:12,0.0010785,USDT,deal
****4746,mainAccount,62a643b2e49b1200016e7f71,2022-06-13 01:21:14,FTT-USDT,BUY,LIMIT,23,0.1,23,0.1,2.3,2.3,2022-06-14 07:06:48,0.0023,USDT,deal
****4746,mainAccount,62a82fdaf6358b00015905c8,2022-06-14 12:21:06,BTC-USDT,BUY,LIMIT,22620,0.00005,22614.4,0.00005,1.13072,1.13072,2022-06-14 12:21:06,0.00113072,USDT,deal
****4746,mainAccount,62a82ff0001fb20001f0d86a,2022-06-14 12:21:28,VET-USDT,BUY,LIMIT,0.0247189,50,0.0247189,50,1.235945,1.235945,2022-06-14 12:21:29,0.001235945,USDT,deal
****4746,mainAccount,62a833dce34ff000017a6e99,2022-06-14 12:38:12,LRC-USDT,BUY,LIMIT,0.3826,5,0.3813,5,1.9065,1.9065,2022-06-14 12:38:12,0.0019065,USDT,deal
****4746,mainAccount,62a8343e91e7cb0001b47813,2022-06-14 12:39:50,WAX-USDT,BUY,LIMIT,0.0843,23,0.0843,23,1.9389,1.9389,2022-06-14 12:39:50,0.0019389,USDT,deal
****4746,mainAccount,62a8345260f4060001906cee,2022-06-14 12:40:10,LINK-USDT,BUY,LIMIT,6.319,0.2,6.3187,0.2,1.26374,1.26374,2022-06-14 12:40:11,0.00126374,USDT,deal
****4746,mainAccount,62a8348b60f406000191492e,2022-06-14 12:41:07,MANA-USDT,BUY,LIMIT,0.84549,1.5,0.84339,1.5,1.265085,1.265085,2022-06-14 12:41:07,0.001265085,USDT,deal
****4746,mainAccount,62a8354ecc3d5f00013deee2,2022-06-14 12:44:22,TFUEL-USDT,BUY,LIMIT,0.0437,30,0.0437,30,1.311,1.311,2022-06-14 12:45:30,0.001311,USDT,deal
****4746,mainAccount,62a83580b226070001c4cfe4,2022-06-14 12:45:12,NEAR-USDT,BUY,LIMIT,3.562,1,3.562,1,3.562,3.562,2022-06-14 12:45:36,0.003562,USDT,deal
****4746,mainAccount,62a8359ce49b120001db48ed,2022-06-14 12:45:40,GRT-USDT,BUY,LIMIT,0.10972,20,0.10972,20,2.1944,2.1944,2022-06-14 12:45:51,0.0021944,USDT,deal
****4746,mainAccount,62a8361f60f4060001972db0,2022-06-14 12:47:51,MATIC-USDC,BUY,LIMIT,0.4401,5,0.4401,5,2.2005,2.20492954125047966061,2022-06-14 12:47:54,0.0022005,USDC,deal
****4746,mainAccount,62a83629001fb200010783d5,2022-06-14 12:48:01,MATIC-USDC,BUY,LIMIT,0.4401,2,0.4401,2,0.8802,0.88197181650019186425,2022-06-14 12:48:01,0.0008802,USDC,deal
****4746,mainAccount,62a8365160f406000197daa5,2022-06-14 12:48:41,FTT-USDT,BUY,LIMIT,23.952,0.2,23.952,0.2,4.7904,4.7904,2022-06-14 12:51:13,0.0047904,USDT,deal
****4746,mainAccount,62a8367691e7cb0001bccd66,2022-06-14 12:49:18,BICO-USDT,BUY,LIMIT,0.519,5,0.519,5,2.595,2.595,2022-06-14 12:50:48,0.002595,USDT,deal
****4746,mainAccount,62a83699b050750001a6ff4b,2022-06-14 12:49:53,OCEAN-USDT,BUY,LIMIT,0.1979,15,0.1979,15,2.9685,2.9685,2022-06-14 12:50:02,0.0029685,USDT,deal
****4746,mainAccount,62a836bfb050750001a7880a,2022-06-14 12:50:31,MOVR-USDT,BUY,LIMIT,15.3601,0.12,15.3601,0.12,1.843212,1.843212,2022-06-14 12:50:47,0.003686424,USDT,deal
****4746,mainAccount,62a836dfcc3d5f0001439137,2022-06-14 12:51:03,VET-USDT,BUY,LIMIT,0.0243087,50,0.0242237,50,1.211185,1.211185,2022-06-14 12:51:03,0.001211185,USDT,deal
****4746,mainAccount,62a8370f66488400018959e4,2022-06-14 12:51:51,GALAX-USDT,BUY,LIMIT,0.06336,10,0.06325,10,0.6325,0.6325,2022-06-14 12:51:52,0.001265,USDT,deal
****4746,mainAccount,62a83736f6358b000173b632,2022-06-14 12:52:30,ATOM-USDT,BUY,LIMIT,6.6145,0.4,6.6145,0.4,2.6458,2.6458,2022-06-14 12:56:06,0.0026458,USDT,deal
****4746,mainAccount,62a83753e34ff00001874cba,2022-06-14 12:52:59,EWT-USDT,BUY,LIMIT,2.488,1.25,2.488,1.25,3.11,3.11,2022-06-14 15:36:07,0.00311,USDT,deal
****4746,mainAccount,62a83778ea4bd00001c0603c,2022-06-14 12:53:36,DOT-USDT,BUY,LIMIT,7.379,0.5,7.379,0.5,3.6895,3.6895,2022-06-14 12:53:38,0.0036895,USDT,deal
****4746,mainAccount,62a8380163fdb500019dddf2,2022-06-14 12:55:53,AVA-USDT,BUY,LIMIT,0.526737,3,0.526737,3,1.580211,1.580211,2022-06-14 17:12:24,0.001580211,USDT,deal
****4746,mainAccount,62a83814e62e780001accc4b,2022-06-14 12:56:12,SXP-USDT,BUY,LIMIT,0.3619,3,0.3617,3,1.0851,1.0851,2022-06-14 12:56:12,0.0010851,USDT,deal
****4746,mainAccount,62a8b80d91e7cb0001c60752,2022-06-14 22:02:13,TOMO-USDT,BUY,LIMIT,0.44574,5,0.44574,5,2.2287,2.2287,2022-06-14 22:02:13,0.0022287,USDT,deal
****4746,mainAccount,62a8b8f1e62e780001b419df,2022-06-14 22:06:01,RSR-USDT,BUY,LIMIT,0.00645,235,0.00643,235,1.51105,1.51105,2022-06-14 22:06:01,0.00151105,USDT,deal
****4746,mainAccount,62a9c7b1f6358b00017ca541,2022-06-15 17:21:13,LINK-USDT,BUY,LIMIT,5.5,0.7,5.5,0.7,3.85,3.85,2022-06-19 01:37:46,0.00385,USDT,deal
****4746,mainAccount,62a9c8eccc3d5f0001521439,2022-06-15 17:26:28,ETH-USDT,BUY,LIMIT,890,0.0034,890,0.0034,3.026,3.026,2022-06-19 01:40:34,0.003026,USDT,deal
****4746,mainAccount,62ad59f0adbafc0001422dc2,2022-06-18 10:22:00,TFUEL-USDT,SELL,LIMIT,0.05706,30,0.05706,30,1.7118,1.7118,2022-06-18 10:22:00,0.0017118,USDT,deal
****4746,mainAccount,62ae1f3a7707d30001488be6,2022-06-19 00:23:46,ETH-USDT,BUY,LIMIT,942.89,0.00011,941.79,0.00011,0.1035969,0.1035969,2022-06-19 00:23:47,0.0001035969,USDT,deal
****4746,mainAccount,62ae1f4a83f0bb000138d92b,2022-06-19 00:24:02,THETA-USDT,BUY,LIMIT,1.1361,0.1,1.1355,0.1,0.11355,0.11355,2022-06-19 00:24:02,0.00011355,USDT,deal
****4746,mainAccount,62ae1f6d7080070001dbd2ae,2022-06-19 00:24:37,LINK-USDT,BUY,LIMIT,5.7417,0.02,5.7417,0.02,0.114834,0.114834,2022-06-19 00:26:02,0.000114834,USDT,deal
****4746,mainAccount,62ae1f7b922d770001353043,2022-06-19 00:24:51,EWT-USDT,BUY,LIMIT,2.316,0.05,2.316,0.05,0.1158,0.1158,2022-06-19 00:25:55,0.0001158,USDT,deal
****4746,mainAccount,62ae1f8b4646370001db6419,2022-06-19 00:25:07,DOT-USDT,BUY,LIMIT,6.7103,0.015,6.7103,0.015,0.1006545,0.1006545,2022-06-19 00:25:35,0.0001006545,USDT,deal
****4746,mainAccount,62ae1fb5922d77000135e472,2022-06-19 00:25:49,MANA-USDT,BUY,LIMIT,0.77268,1,0.77179,1,0.77179,0.77179,2022-06-19 00:25:50,0.00077179,USDT,deal
****4746,mainAccount,62ae1fe5c894a10001f5cad7,2022-06-19 00:26:37,SAND-USDT,BUY,LIMIT,0.78009,1,0.78009,1,0.78009,0.78009,2022-06-19 00:26:38,0.00078009,USDT,deal
****4746,mainAccount,62ae20077707d300014b3f68,2022-06-19 00:27:11,VET-USDT,BUY,LIMIT,0.0210391,10,0.0210391,10,0.210391,0.210391,2022-06-19 00:27:11,0.000210391,USDT,deal
****4746,mainAccount,62ae20394646370001ddc6a6,2022-06-19 00:28:01,DGB-USDT,BUY,LIMIT,0.00851,12,0.00851,12,0.10212,0.10212,2022-06-19 00:28:36,0.00010212,USDT,deal
****4746,mainAccount,62ae2058922d7700013839e2,2022-06-19 00:28:32,ATOM-USDT,BUY,LIMIT,5.8661,0.02,5.8661,0.02,0.117322,0.117322,2022-06-19 00:28:32,0.000117322,USDT,deal
****4746,mainAccount,62ae20787f527f00012bb8b2,2022-06-19 00:29:04,OCEAN-USDT,BUY,LIMIT,0.1617,1,0.1617,1,0.1617,0.1617,2022-06-19 00:30:03,0.0001617,USDT,deal
****4746,mainAccount,62ae20974646370001df1642,2022-06-19 00:29:35,NEAR-USDT,BUY,LIMIT,3.0241,0.1,3.0222,0.1,0.30222,0.30222,2022-06-19 00:29:36,0.00030222,USDT,deal
****4746,mainAccount,62ae20bf7080070001e07af3,2022-06-19 00:30:15,BICO-USDT,BUY,LIMIT,0.4769,0.3,0.4736,0.3,0.14208,0.14208,2022-06-19 00:30:15,0.00014208,USDT,deal
****4746,mainAccount,62ae20f1986ce90001730178,2022-06-19 00:31:05,SXP-USDT,BUY,LIMIT,0.3369,0.5,0.3368,0.5,0.1684,0.1684,2022-06-19 00:31:05,0.0001684,USDT,deal
****4746,mainAccount,62ae21077f527f00012deb72,2022-06-19 00:31:27,AVA-USDT,BUY,LIMIT,0.462393,0.25,0.462393,0.25,0.11559825,0.11559825,2022-06-19 00:31:31,0.00011559825,USDT,deal
****4746,mainAccount,62ae2128d9a66b0001ce6eea,2022-06-19 00:32:00,BNB-USDT,BUY,LIMIT,191.52,0.001,191.426,0.001,0.191426,0.191426,2022-06-19 00:32:00,0.000191426,USDT,deal
****4746,mainAccount,62c514ca2e55c30001c2733c,2022-07-06 10:21:22,TRX-USDT,BUY,LIMIT,0.068206,2055,0.068205,2055,140.161275,140.161275,2022-07-06 10:21:23,0.140161275,USDT,deal
****4746,mainAccount,62c59b45863963000100f92c,2022-07-06 19:55:09,VIDT-USDT,SELL,MARKET,0,11.3,0.494947403539823009,11.3,5.59290566,5.59290566,2022-07-06 19:55:09,0.00559290566,USDT,deal
****4746,mainAccount,62d00388399d7a0001cdc4bb,2022-07-14 17:22:40,DOT-USDT,BUY,LIMIT,6.3454,0.111,6.3454,0.111,0.7043394,0.7043394,2022-07-14 17:22:42,0.0007043394,USDT,deal
****4746,mainAccount,62d004e4ff85ad00018ce2ae,2022-07-14 17:28:28,LINK-USDT,BUY,LIMIT,6.0376,0.116,6.0376,0.116,0.7003616,0.7003616,2022-07-14 17:29:00,0.0007003616,USDT,deal
****4746,mainAccount,62d0056486396300017d3c78,2022-07-14 17:30:36,OCEAN-USDT,BUY,LIMIT,0.1593,1,0.1592,1,0.1592,0.1592,2022-07-14 17:30:36,0.0001592,USDT,deal
****4746,mainAccount,62d00585399d7a0001d2bf07,2022-07-14 17:31:09,OCEAN-USDT,BUY,LIMIT,0.1591,3.5,0.1591,3.5,0.55685,0.55685,2022-07-14 17:31:09,0.00055685,USDT,deal
****4746,mainAccount,62d005c142f7d200016ac00b,2022-07-14 17:32:09,BICO-USDT,BUY,LIMIT,0.482,1.453,0.482,1.453,0.700346,0.700346,2022-07-14 17:32:09,0.000700346,USDT,deal
****4746,mainAccount,62d005fc54559c0001432c19,2022-07-14 17:33:09,THETA-USDT,BUY,LIMIT,1.102,0.64,1.102,0.64,0.70528,0.70528,2022-07-14 17:33:09,0.00070528,USDT,deal
****4746,mainAccount,62d00c4014e64e0001ee2654,2022-07-14 17:59:52,DOT-USDT,BUY,LIMIT,5.66,0.19,5.66,0.19,1.0754,1.0754,2022-11-10 02:46:57,0.0010754,USDT,deal
****4746,mainAccount,62d00c6fb097d900017694ef,2022-07-14 18:00:39,DOT-USDT,BUY,LIMIT,5.35,0.2,5.35,0.2,1.07,1.07,2022-11-10 03:14:32,0.00107,USDT,deal
****4746,mainAccount,62d00c84ff85ad0001a3abe9,2022-07-14 18:01:00,DOT-USDT,BUY,LIMIT,5.04,0.2,5.04,0.2,1.008,1.008,2022-11-22 12:32:12,0.001008,USDT,deal
****4746,mainAccount,62d00d0c42f7d2000181e7a9,2022-07-14 18:03:16,OCEAN-USDT,BUY,LIMIT,0.1466,7,0.1466,7,1.0262,1.0262,2022-09-19 02:42:00,0.0010262,USDT,deal
****4746,mainAccount,62d00d1f14e64e0001f287b1,2022-07-14 18:03:35,OCEAN-USDT,BUY,LIMIT,0.1386,7.5,0.1386,7.5,1.0395,1.0395,2022-10-13 16:00:12,0.0010395,USDT,deal
****4746,mainAccount,62d00d36399d7a0001eb2f51,2022-07-14 18:03:58,OCEAN-USDT,BUY,LIMIT,0.1307,8,0.1307,8,1.0456,1.0456,2022-11-10 02:47:06,0.0010456,USDT,deal
****4746,mainAccount,62d00d69b097d900017af68a,2022-07-14 18:04:49,BICO-USDT,BUY,LIMIT,0.444,2.4,0.444,2.4,1.0656,1.0656,2022-09-19 02:41:01,0.0010656,USDT,deal
****4746,mainAccount,62d00d7bd4a29e000182c92e,2022-07-14 18:05:07,BICO-USDT,BUY,LIMIT,0.42,2.5,0.42,2.5,1.05,1.05,2022-09-21 12:10:14,0.00105,USDT,deal
****4746,mainAccount,62d00d97b097d900017b9442,2022-07-14 18:05:35,BICO-USDT,BUY,LIMIT,0.3958,2.7,0.3958,2.7,1.06866,1.06866,2022-10-03 04:36:33,0.00106866,USDT,deal
****4746,mainAccount,62d00e173d6d540001a9ed77,2022-07-14 18:07:43,THETA-USDT,BUY,LIMIT,1.012,1,1.012,1,1.012,1.012,2022-09-19 07:47:41,0.001012,USDT,deal
****4746,mainAccount,62d00e2e00ed550001e0e870,2022-07-14 18:08:06,THETA-USDT,BUY,LIMIT,0.957,1.05,0.957,1.05,1.00485,1.00485,2022-10-13 13:06:10,0.00100485,USDT,deal
****4746,mainAccount,62d00e575579bd000192be17,2022-07-14 18:08:47,THETA-USDT,BUY,LIMIT,0.902,1.2,0.902,1.2,1.0824,1.0824,2022-11-10 02:50:58,0.0010824,USDT,deal
****4746,mainAccount,62d00e8332dc310001ca819b,2022-07-14 18:09:31,WAX-USDT,BUY,LIMIT,0.0904,7.75,0.0904,7.75,0.7006,0.7006,2022-07-14 18:09:31,0.0007006,USDT,deal
****4746,mainAccount,62d0109f00ed550001e89059,2022-07-14 18:18:31,FTT-USDT,BUY,LIMIT,24.68,0.029,24.656,0.029,0.715024,0.715024,2022-07-14 18:18:32,0.000715024,USDT,deal
****4746,mainAccount,62d010ba66dc0d0001e19a16,2022-07-14 18:18:58,FTT-USDT,BUY,LIMIT,21.65,0.05,21.65,0.05,1.0825,1.0825,2022-11-06 21:19:55,0.0010825,USDT,deal
****4746,mainAccount,62d010d324f16d0001ba27b0,2022-07-14 18:19:23,FTT-USDT,BUY,LIMIT,20.47,0.05,20.47,0.05,1.0235,1.0235,2022-11-08 08:19:06,0.0010235,USDT,deal
****4746,mainAccount,62d010e532dc310001d1bf78,2022-07-14 18:19:41,FTT-USDT,BUY,LIMIT,19.3,0.055,19.3,0.055,1.0615,1.0615,2022-11-08 08:19:21,0.0010615,USDT,deal
****4746,mainAccount,62d0113514e64e0001ffc3d4,2022-07-14 18:21:01,VET-USDT,BUY,LIMIT,0.0217246,32.3,0.0217246,32.3,0.70170458,0.70170458,2022-07-14 18:21:01,0.00070170458,USDT,deal
****4746,mainAccount,62d0114b54559c0001676cdd,2022-07-14 18:21:23,VET-USDT,BUY,LIMIT,0.01932,52,0.01932,52,1.00464,1.00464,2022-11-10 02:57:02,0.00100464,USDT,deal
****4746,mainAccount,62d0115fff85ad0001b44990,2022-07-14 18:21:43,VET-USDT,BUY,LIMIT,0.018,55.7,0.018,55.7,1.0026,1.0026,2022-11-14 09:49:04,0.0010026,USDT,deal
****4746,mainAccount,62d0117122c66100017ac8d7,2022-07-14 18:22:01,VET-USDT,BUY,LIMIT,0.017,60,0.017,60,1.02,1.02,2022-12-17 04:09:24,0.00102,USDT,deal
****4746,mainAccount,62d0121066dc0d0001e51a10,2022-07-14 18:24:40,NEAR-USDT,BUY,LIMIT,3.1,0.23,3.1,0.23,0.713,0.713,2022-10-11 05:42:55,0.000713,USDT,deal
****4746,mainAccount,62d0122bb097d90001898e38,2022-07-14 18:25:07,NEAR-USDT,BUY,LIMIT,2.84,0.36,2.84,0.36,1.0224,1.0224,2022-10-13 15:52:16,0.0010224,USDT,deal
****4746,mainAccount,62d0124532dc310001d5578c,2022-07-14 18:25:33,NEAR-USDT,BUY,LIMIT,2.68,0.37,2.68,0.37,0.9916,0.9916,2022-11-08 23:48:22,0.0009916,USDT,deal
****4746,mainAccount,62d01269f5071b0001bcbc16,2022-07-14 18:26:09,NEAR-USDT,BUY,LIMIT,2.53,0.4,2.53,0.4,1.012,1.012,2022-11-09 00:55:30,0.001012,USDT,deal
****4746,mainAccount,62d01326ff85ad0001b923c8,2022-07-14 18:29:18,MANA-USDT,BUY,LIMIT,0.765,1,0.765,1,0.765,0.765,2022-08-27 05:04:07,0.000765,USDT,deal
****4746,mainAccount,62d0133d66dc0d0001e87a56,2022-07-14 18:29:41,MANA-USDT,BUY,LIMIT,0.6992,1.5,0.6992,1.5,1.0488,1.0488,2022-09-19 02:41:47,0.0010488,USDT,deal
****4746,mainAccount,62d0135401f21a0001b73f77,2022-07-14 18:30:04,MANA-USDT,BUY,LIMIT,0.6612,1.52,0.6612,1.52,1.005024,1.005024,2022-10-11 05:31:53,0.001005024,USDT,deal
****4746,mainAccount,62d0136d01f21a0001b789ff,2022-07-14 18:30:29,MANA-USDT,BUY,LIMIT,0.62,1.7,0.62,1.7,1.054,1.054,2022-10-13 12:07:37,0.001054,USDT,deal
****4746,mainAccount,62d01395399d7a0001feae72,2022-07-14 18:31:09,DGB-USDT,BUY,LIMIT,0.0085,90,0.0085,90,0.765,0.765,2022-10-13 12:07:49,0.000765,USDT,deal
****4746,mainAccount,62d013a866dc0d0001e9a915,2022-07-14 18:31:28,DGB-USDT,BUY,LIMIT,0.0078,135,0.0078,135,1.053,1.053,2022-11-09 00:54:06,0.001053,USDT,deal
****4746,mainAccount,62d013be24f16d0001c23e17,2022-07-14 18:31:50,DGB-USDT,BUY,LIMIT,0.007438,135,0.007438,135,1.00413,1.00413,2022-11-09 00:59:51,0.00100413,USDT,deal
****4746,mainAccount,62d013cd24f16d0001c26610,2022-07-14 18:32:05,DGB-USDT,BUY,LIMIT,0.007011,145,0.007011,145,1.016595,1.016595,2022-11-09 01:03:00,0.001016595,USDT,deal
****4746,mainAccount,62d013fa3d6d540001bb588c,2022-07-14 18:32:50,ZIL-USDC,BUY,LIMIT,0.034,21,0.034,21,0.714,0.71396246348578616609,2022-09-06 23:31:25,0.000714,USDC,deal
****4746,mainAccount,62d0147232dc310001dbca4c,2022-07-14 18:34:50,ZIL-USDC,BUY,LIMIT,0.032,32,0.032,32,1.024,1.02401347785635920203,2022-09-19 02:41:13,0.001024,USDC,deal
****4746,mainAccount,62d014838639630001ac5c42,2022-07-14 18:35:07,ZIL-USDC,BUY,LIMIT,0.03,35,0.03,35,1.05,1.05007332126010276703,2022-10-11 05:42:37,0.00105,USDC,deal
****4746,mainAccount,62d01494d9d3fe00015bf85c,2022-07-14 18:35:24,ZIL-USDC,BUY,LIMIT,0.0287,38,0.0287,38,1.0906,1.09057656735587950498,2022-10-13 13:04:34,0.0010906,USDC,deal
****4746,mainAccount,62d014d1d4a29e000198fc2c,2022-07-14 18:36:25,EWT-USDT,BUY,LIMIT,2.191,0.35,2.191,0.35,0.76685,0.76685,2022-07-14 18:36:25,0.00076685,USDT,deal
****4746,mainAccount,632813143b7e10000169be3b,2022-09-19 12:28:28,RVN-USDT,BUY,MARKET,0,0,0.04229,2.3646252,0.099999999708,0.099999999708,2022-09-19 12:28:28,0.000099999999708,USDT,part_deal
****4746,mainAccount,632813d3d3429c0001852e10,2022-09-19 12:31:39,CSPR-USDT,BUY,MARKET,0,0,0.02585,3.8684,0.09999814,0.09999814,2022-09-19 12:31:39,0.00019999628,USDT,part_deal
****4746,mainAccount,63429f323e85bf00018fc56d,2022-10-09 15:45:14,ZIL-USDT,BUY,MARKET,0,0,0.03183,45.3719,1.444187577,1.444187577,2022-10-09 15:45:14,0.001444187577,USDT,part_deal
****4746,mainAccount,6342a008072b4e0001de3d44,2022-10-09 15:48:48,VET-USDT,BUY,LIMIT,0.0231353,53.2893,0.0231342,53.2893,1.23280532406,1.23280532406,2022-10-09 15:48:48,0.00123280532406,USDT,deal
****4746,mainAccount,6342a045e1bc940001bb2c42,2022-10-09 15:49:49,DOT-USDT,BUY,LIMIT,6.3398,0.1459,6.3398,0.1459,0.92497682,0.92497682,2022-10-10 13:54:35,0.00092497682,USDT,deal
****4746,mainAccount,6342a05430bbb100017515b4,2022-10-09 15:50:04,SOL-USDT,BUY,LIMIT,32.682,0.0213,32.682,0.0213,0.6961266,0.6961266,2022-10-09 15:50:05,0.0006961266,USDT,deal
****4746,mainAccount,6342a072ca992b000100910a,2022-10-09 15:50:34,THETA-USDT,BUY,LIMIT,1.0566,0.9827,1.0566,0.9827,1.03832082,1.03832082,2022-10-10 04:30:24,0.00103832082,USDT,deal
****4746,mainAccount,6342a09130bbb1000175618e,2022-10-09 15:51:05,REN-USDT,BUY,LIMIT,0.1225,8.4589,0.1225,8.4589,1.03621525,1.03621525,2022-10-09 22:11:22,0.00103621525,USDT,deal
****4746,mainAccount,635cf560929949000140a84c,2022-10-29 15:11:52,OCEAN-USDT,BUY,LIMIT,0.15,7,0.15,7,1.05,1.05,2022-11-09 00:58:32,0.00105,USDT,deal
****4746,mainAccount,635cf56d8b4ee20001007ade,2022-10-29 15:12:05,OCEAN-USDT,BUY,LIMIT,0.14,7.3,0.14,7.3,1.022,1.022,2022-11-09 01:02:58,0.001022,USDT,deal
****4746,mainAccount,635cf579f2c2e900013583fa,2022-10-29 15:12:17,OCEAN-USDT,BUY,LIMIT,0.12,9,0.12,9,1.08,1.08,2022-11-21 07:39:32,0.00108,USDT,deal
****4746,mainAccount,635cf599a3b8780001bc5e1d,2022-10-29 15:12:49,GRT-USDT,BUY,LIMIT,0.07,15,0.07,15,1.05,1.05,2022-11-09 01:00:49,0.00105,USDT,deal
****4746,mainAccount,635cf6349299490001425072,2022-10-29 15:15:24,GRT-USDT,BUY,LIMIT,0.064,16,0.064,16,1.024,1.024,2022-11-09 21:51:38,0.001024,USDT,deal
****4746,mainAccount,635cf643af9287000138f439,2022-10-29 15:15:39,GRT-USDT,BUY,LIMIT,0.056,19,0.056,19,1.064,1.064,2022-11-21 07:39:03,0.001064,USDT,deal
****4746,mainAccount,635cf660929949000142a4ce,2022-10-29 15:16:08,ANKR-USDT,BUY,LIMIT,0.027,40,0.027,40,1.08,1.08,2022-11-08 09:43:37,0.00108,USDT,deal
****4746,mainAccount,635cf66e3b4e6900011add6a,2022-10-29 15:16:22,ANKR-USDT,BUY,LIMIT,0.024,45,0.024,45,1.08,1.08,2022-11-09 00:55:50,0.00108,USDT,deal
****4746,mainAccount,635cf67753b87b0001ee3c94,2022-10-29 15:16:31,ANKR-USDT,BUY,LIMIT,0.021,50,0.021,50,1.05,1.05,2022-11-09 23:36:43,0.00105,USDT,deal
****4746,mainAccount,635cf6a843963f00013f3757,2022-10-29 15:17:20,ENS-USDT,BUY,LIMIT,12,0.085,12,0.085,1.02,1.02,2022-11-09 01:02:55,0.00102,USDT,deal
****4746,mainAccount,635cf6b5c4c3e100016ea18f,2022-10-29 15:17:33,ENS-USDT,BUY,LIMIT,10,0.1,10,0.1,1,1,2022-12-22 21:55:11,0.001,USDT,deal
****4746,mainAccount,635cf7365f52390001afef49,2022-10-29 15:19:42,BTT-USDT,BUY,LIMIT,0.0000007517,1330319,0.0000007517,1330319,1.0000007923,1.0000007923,2022-11-08 23:49:22,0.0010000007923,USDT,deal
****4746,mainAccount,635cf79343963f000140f17b,2022-10-29 15:21:15,BTT-USDT,BUY,LIMIT,0.0000006684,1496115,0.0000006684,1496115,1.000003266,1.000003266,2022-11-10 04:34:31,0.001000003266,USDT,deal
****4746,mainAccount,635cf7f353b87b0001f0f598,2022-10-29 15:22:51,FIDA-USDT,BUY,LIMIT,0.36,3,0.36,3,1.08,1.08,2022-11-08 09:39:21,0.00108,USDT,deal
****4746,mainAccount,635cf7fa8d0e7a0001cc3a7f,2022-10-29 15:22:58,FIDA-USDT,BUY,LIMIT,0.32,3.2,0.32,3.2,1.024,1.024,2022-11-09 00:36:56,0.001024,USDT,deal
****4746,mainAccount,635cf80c43963f000141c148,2022-10-29 15:23:16,FIDA-USDT,BUY,LIMIT,0.28,3.8,0.28,3.8,1.064,1.064,2022-11-09 01:03:44,0.001064,USDT,deal
****4746,mainAccount,635cf83f6a9dcb0001b728f0,2022-10-29 15:24:07,FLOW-USDT,BUY,LIMIT,1.485,0.7,1.485,0.7,1.0395,1.0395,2022-11-08 23:50:03,0.0010395,USDT,deal
****4746,mainAccount,635cf851ec417e00019d55ad,2022-10-29 15:24:25,FLOW-USDT,BUY,LIMIT,1.32,0.76,1.32,0.76,1.0032,1.0032,2022-11-09 01:01:19,0.0010032,USDT,deal
****4746,mainAccount,635cf85c8d0e7a0001cce7ad,2022-10-29 15:24:36,FLOW-USDT,BUY,LIMIT,1.155,0.9,1.155,0.9,1.0395,1.0395,2022-11-10 02:58:50,0.0010395,USDT,deal
****4746,mainAccount,635cf87a0da4410001f93b1c,2022-10-29 15:25:06,NEAR-USDT,BUY,LIMIT,2.66,0.4,2.66,0.4,1.064,1.064,2022-11-08 23:49:53,0.001064,USDT,deal
****4746,mainAccount,635cf88cdd0548000134ed3d,2022-10-29 15:25:24,NEAR-USDT,BUY,LIMIT,2.37,0.45,2.37,0.45,1.0665,1.0665,2022-11-09 13:36:36,0.0010665,USDT,deal
****4746,mainAccount,635cf89aec417e00019df689,2022-10-29 15:25:38,NEAR-USDT,BUY,LIMIT,2,0.5,2,0.5,1,1,2022-11-10 02:58:26,0.001,USDT,deal
****4746,mainAccount,635cf8ceec417e00019e661b,2022-10-29 15:26:30,DOT-USDT,BUY,LIMIT,5.8,0.18,5.8,0.18,1.044,1.044,2022-11-10 00:11:05,0.001044,USDT,deal
****4746,mainAccount,635cf8f4a3b8780001c2cdd8,2022-10-29 15:27:08,DOT-USDT,BUY,LIMIT,5.15,0.2,5.15,0.2,1.03,1.03,2022-11-21 07:53:59,0.00103,USDT,deal
****4746,mainAccount,635cf902c4c3e100017306b5,2022-10-29 15:27:22,DOT-USDT,BUY,LIMIT,4.5,0.23,4.5,0.23,1.035,1.035,2022-12-20 00:24:35,0.001035,USDT,deal
****4746,mainAccount,635cf9284bb4cc000162d405,2022-10-29 15:28:00,NKN-USDT,BUY,LIMIT,0.081,13,0.081,13,1.053,1.053,2022-11-09 00:59:41,0.001053,USDT,deal
****4746,mainAccount,635cf937a3b8780001c356c3,2022-10-29 15:28:15,NKN-USDT,BUY,LIMIT,0.072,15,0.072,15,1.08,1.08,2022-11-09 01:03:39,0.00108,USDT,deal
****4746,mainAccount,635cf94353b87b0001f39927,2022-10-29 15:28:27,NKN-USDT,BUY,LIMIT,0.063,17,0.063,17,1.071,1.071,2022-11-09 01:03:55,0.001071,USDT,deal
****4746,mainAccount,635cf96daf928700013f04fd,2022-10-29 15:29:09,FIL-USDT,BUY,LIMIT,4.74,0.22,4.74,0.22,1.0428,1.0428,2022-11-09 00:59:59,0.0010428,USDT,deal
****4746,mainAccount,635cf9788b4ee20001084da9,2022-10-29 15:29:20,FIL-USDT,BUY,LIMIT,4.22,0.25,4.22,0.25,1.055,1.055,2022-11-09 01:01:51,0.001055,USDT,deal
****4746,mainAccount,635cf98504b71f00010899df,2022-10-29 15:29:33,FIL-USDT,BUY,LIMIT,3.68,0.28,3.68,0.28,1.0304,1.0304,2022-12-17 04:03:28,0.0010304,USDT,deal
****4746,mainAccount,635cf9bf9299490001492b23,2022-10-29 15:30:31,MANA-USDT,BUY,LIMIT,0.56,1.8,0.56,1.8,1.008,1.008,2022-11-09 00:55:29,0.001008,USDT,deal
****4746,mainAccount,635cf9cc3b4e6900012163b3,2022-10-29 15:30:44,MANA-USDT,BUY,LIMIT,0.5,2,0.5,2,1,1,2022-11-09 01:02:58,0.001,USDT,deal
****4746,mainAccount,635cf9d8c4c3e1000174b7fc,2022-10-29 15:30:56,MANA-USDT,BUY,LIMIT,0.44,2.3,0.44,2.3,1.012,1.012,2022-11-13 14:36:44,0.001012,USDT,deal
****4746,mainAccount,635cf9f14bb4cc0001647102,2022-10-29 15:31:21,HNT-USDT,BUY,LIMIT,4.24,0.25,4.24,0.25,1.06,1.06,2022-11-02 08:16:06,0.00106,USDT,deal
****4746,mainAccount,635cfa070da4410001fc6593,2022-10-29 15:31:43,HNT-USDT,BUY,LIMIT,3.77,0.28,3.77,0.28,1.0556,1.0556,2022-11-08 08:48:57,0.0010556,USDT,deal
****4746,mainAccount,635cfa48a3b8780001c57ac3,2022-10-29 15:32:48,HNT-USDT,BUY,LIMIT,3.3,0.307,3.3,0.307,1.0131,1.0131,2022-11-09 00:55:43,0.0010131,USDT,deal
****4746,mainAccount,635cfa7bc4c3e10001760cc1,2022-10-29 15:33:39,HNT-USDT,BUY,LIMIT,6.3,0.16,4.729,0.16,0.75664,0.75664,2022-10-29 15:33:39,0.00075664,USDT,deal
****4746,mainAccount,635cfacf4bb4cc00016640f0,2022-10-29 15:35:03,HNT-USDT,BUY,LIMIT,5.6,0.18,4.735809444444444444,0.18,0.8524457,0.8524457,2022-10-29 15:35:04,0.0008524457,USDT,deal
****4746,mainAccount,635cfaed92994900014b906d,2022-10-29 15:35:33,HNT-USDT,BUY,LIMIT,4.9,0.206,4.736,0.206,0.975616,0.975616,2022-10-29 15:35:33,0.000975616,USDT,deal
****4746,mainAccount,635cfd38af92870001466951,2022-10-29 15:45:20,LINK-USDT,BUY,LIMIT,6.3,0.1588,6.3,0.1588,1.00044,1.00044,2022-11-10 00:00:45,0.00100044,USDT,deal
****4746,mainAccount,635cfd80af92870001472c84,2022-10-29 15:46:32,LINK-USDT,BUY,LIMIT,5.6,0.1789,5.6,0.1789,1.00184,1.00184,2022-11-22 01:04:34,0.00100184,USDT,deal
****4746,mainAccount,635cfdd38bcb0f00012b525c,2022-10-29 15:47:55,UNI-USDT,BUY,LIMIT,6.093,0.1645,6.093,0.1645,1.0022985,1.0022985,2022-11-09 00:53:32,0.0010022985,USDT,deal
****4746,mainAccount,635cfdfcaf9287000148747f,2022-10-29 15:48:36,UNI-USDT,BUY,LIMIT,5.416,0.1848,5.416,0.1848,1.0008768,1.0008768,2022-11-09 01:03:24,0.0010008768,USDT,deal
****4746,mainAccount,635cfe2b1280c2000150a152,2022-10-29 15:49:23,UNI-USDT,BUY,LIMIT,4.739,0.211,4.739,0.211,0.999929,0.999929,2022-11-10 02:58:42,0.000999929,USDT,deal
****4746,mainAccount,635cfe65a3b8780001ce48db,2022-10-29 15:50:21,THETA-USDT,BUY,LIMIT,1.035,0.9665,1.035,0.9665,1.0003275,1.0003275,2022-11-08 23:51:08,0.0010003275,USDT,deal
****4746,mainAccount,635cfe838bcb0f00012d2068,2022-10-29 15:50:51,THETA-USDT,BUY,LIMIT,0.92,1.09,0.92,1.09,1.0028,1.0028,2022-11-09 01:02:57,0.0010028,USDT,deal
****4746,mainAccount,635cfef9fe97f300019b3316,2022-10-29 15:52:49,THETA-USDT,BUY,LIMIT,0.805,1.245,0.805,1.245,1.002225,1.002225,2022-11-22 15:21:24,0.001002225,USDT,deal
****4746,mainAccount,635cff835f52390001c1c9c7,2022-10-29 15:55:07,CSPR-USDT,BUY,LIMIT,0.036,27.78,0.036,27.78,1.00008,1.00008,2022-11-08 23:38:56,0.00200016,USDT,deal
****4746,mainAccount,635cff9153b87b000101aa33,2022-10-29 15:55:21,CSPR-USDT,BUY,LIMIT,0.032,31.26,0.032,31.26,1.00032,1.00032,2022-11-09 23:49:29,0.00200064,USDT,deal
****4746,mainAccount,635cff9e43963f0001527040,2022-10-29 15:55:34,CSPR-USDT,BUY,LIMIT,0.028,35.72,0.028,35.72,1.00016,1.00016,2022-11-14 10:00:18,0.00200032,USDT,deal
****4746,mainAccount,635cffc6ec417e0001ae2d90,2022-10-29 15:56:14,RVN-USDT,BUY,LIMIT,0.027,37.05,0.027,37.05,1.00035,1.00035,2022-11-08 09:43:55,0.00100035,USDT,deal
****4746,mainAccount,635cffcfaf928700014da0d8,2022-10-29 15:56:23,RVN-USDT,BUY,LIMIT,0.024,41.67,0.024,41.67,1.00008,1.00008,2022-11-09 00:58:35,0.00100008,USDT,deal
****4746,mainAccount,635cffe81280c200015598fb,2022-10-29 15:56:48,RVN-USDT,BUY,LIMIT,0.021,47.65,0.021,47.65,1.00065,1.00065,2022-11-10 00:08:06,0.00100065,USDT,deal
****4746,mainAccount,635d004d8d0e7a0001df4ac9,2022-10-29 15:58:29,AERGO-USDT,BUY,LIMIT,0.135,7.45,0.135,7.45,1.00575,1.00575,2022-11-08 09:42:09,0.00100575,USDT,deal
****4746,mainAccount,635d007c43963f0001552a29,2022-10-29 15:59:16,AERGO-USDT,BUY,LIMIT,0.12,8.35,0.12,8.35,1.002,1.002,2022-11-09 06:22:41,0.001002,USDT,deal
****4746,mainAccount,635d00880da44100010beb0a,2022-10-29 15:59:28,AERGO-USDT,BUY,LIMIT,0.105,9.55,0.105,9.55,1.00275,1.00275,2022-11-09 15:21:42,0.00100275,USDT,deal
****4746,mainAccount,635d00a643963f000155929f,2022-10-29 15:59:58,BICO-USDT,BUY,LIMIT,0.36,2.79,0.36,2.79,1.0044,1.0044,2022-11-08 23:36:21,0.0010044,USDT,deal
****4746,mainAccount,635d00d7ec417e0001b1344c,2022-10-29 16:00:47,BICO-USDT,BUY,LIMIT,0.32,3.127,0.32,3.127,1.00064,1.00064,2022-11-09 01:00:24,0.00100064,USDT,deal
****4746,mainAccount,635d00e48b4ee2000119df03,2022-10-29 16:01:00,BICO-USDT,BUY,LIMIT,0.28,3.6,0.28,3.6,1.008,1.008,2022-11-09 23:39:55,0.001008,USDT,deal
****4746,mainAccount,635d01170da44100010d73f7,2022-10-29 16:01:51,MATIC-USDT,BUY,LIMIT,0.828,1.21,0.828,1.21,1.00188,1.00188,2022-11-09 22:58:52,0.00100188,USDT,deal
****4746,mainAccount,635d01703b4e69000133e2d3,2022-10-29 16:03:20,AVA-USDT,BUY,LIMIT,0.639,1.57,0.639,1.57,1.00323,1.00323,2022-11-09 01:00:31,0.00100323,USDT,deal
****4746,mainAccount,635d017aec417e0001b31507,2022-10-29 16:03:30,AVA-USDT,BUY,LIMIT,0.568,1.77,0.568,1.77,1.00536,1.00536,2022-11-09 23:48:15,0.00100536,USDT,deal
****4746,mainAccount,635d01854bb4cc000176e1f6,2022-10-29 16:03:41,AVA-USDT,BUY,LIMIT,0.497,2.05,0.497,2.05,1.01885,1.01885,2022-12-20 03:47:10,0.00101885,USDT,deal
****4746,mainAccount,635d01abdd054800014a98f9,2022-10-29 16:04:19,LRC-USDT,BUY,LIMIT,0.243,4.12,0.243,4.12,1.00116,1.00116,2022-11-09 01:00:30,0.00100116,USDT,deal
****4746,mainAccount,635d01c0b791bc0001f6d5a4,2022-10-29 16:04:40,LRC-USDT,BUY,LIMIT,0.216,4.65,0.216,4.65,1.0044,1.0044,2022-11-10 02:56:47,0.0010044,USDT,deal
****4746,mainAccount,635d01d453b87b0001083795,2022-10-29 16:05:00,LRC-USDT,BUY,LIMIT,0.189,5.3,0.189,5.3,1.0017,1.0017,2022-12-30 02:06:22,0.0010017,USDT,deal
****4746,mainAccount,635d021743963f000159728c,2022-10-29 16:06:07,CAKE-USDT,BUY,LIMIT,4.059,0.25,4.059,0.25,1.01475,1.01475,2022-11-09 15:41:33,0.00101475,USDT,deal
****4746,mainAccount,635d022af2c2e900015227b3,2022-10-29 16:06:26,CAKE-USDT,BUY,LIMIT,3.6,0.28,3.6,0.28,1.008,1.008,2022-11-22 12:39:20,0.001008,USDT,deal
****4746,mainAccount,635d023b1280c200015bed61,2022-10-29 16:06:43,CAKE-USDT,BUY,LIMIT,3.157,0.32,3.157,0.32,1.01024,1.01024,2022-12-17 07:34:36,0.00101024,USDT,deal
****4746,mainAccount,635d02741280c200015c73c7,2022-10-29 16:07:40,FTT-USDT,BUY,LIMIT,22.05,0.046,22.05,0.046,1.0143,1.0143,2022-11-06 21:19:36,0.0010143,USDT,deal
****4746,mainAccount,635d0288af9287000154fad6,2022-10-29 16:08:00,FTT-USDT,BUY,LIMIT,19.6,0.052,19.6,0.052,1.0192,1.0192,2022-11-08 08:19:19,0.0010192,USDT,deal
****4746,mainAccount,635d02a18bcb0f00013883c6,2022-10-29 16:08:25,FTT-USDT,BUY,LIMIT,17.15,0.059,17.15,0.059,1.01185,1.01185,2022-11-08 08:50:39,0.00101185,USDT,deal
****4746,mainAccount,635d02e08bcb0f0001390e98,2022-10-29 16:09:28,WAX-USDT,BUY,LIMIT,0.072,13.89,0.072,13.89,1.00008,1.00008,2022-11-09 00:55:12,0.00100008,USDT,deal
****4746,mainAccount,635d02f01280c200015d8709,2022-10-29 16:09:44,WAX-USDT,BUY,LIMIT,0.064,15.63,0.064,15.63,1.00032,1.00032,2022-11-09 15:21:29,0.00100032,USDT,deal
****4746,mainAccount,635d0300fe97f30001a652f4,2022-10-29 16:10:00,WAX-USDT,BUY,LIMIT,0.056,17.86,0.056,17.86,1.00016,1.00016,2022-11-10 02:46:51,0.00100016,USDT,deal
****4746,mainAccount,635d032f1280c200015e066a,2022-10-29 16:10:47,MOVR-USDT,BUY,LIMIT,9.747,0.105,9.747,0.105,1.023435,1.023435,2022-11-08 23:37:13,0.00204687,USDT,deal
****4746,mainAccount,635d033e1280c200015e25c0,2022-10-29 16:11:02,MOVR-USDT,BUY,LIMIT,8.664,0.117,8.664,0.117,1.013688,1.013688,2022-11-09 15:40:55,0.002027376,USDT,deal
****4746,mainAccount,635d034804b71f00011ff297,2022-10-29 16:11:12,MOVR-USDT,BUY,LIMIT,7.58,0.132,7.58,0.132,1.00056,1.00056,2022-11-19 12:48:52,0.00200112,USDT,deal
****4746,mainAccount,635d039a04b71f000120a084,2022-10-29 16:12:34,SAND-USDT,BUY,LIMIT,0.711,1.407,0.711,1.407,1.000377,1.000377,2022-11-08 23:50:56,0.001000377,USDT,deal
****4746,mainAccount,635d03ad8bcb0f00013ab7c5,2022-10-29 16:12:53,SAND-USDT,BUY,LIMIT,0.632,1.59,0.632,1.59,1.00488,1.00488,2022-11-09 01:00:53,0.00100488,USDT,deal
****4746,mainAccount,635d03b90da441000113a40c,2022-10-29 16:13:05,SAND-USDT,BUY,LIMIT,0.553,1.81,0.553,1.81,1.00093,1.00093,2022-11-10 03:23:51,0.00100093,USDT,deal
****4746,mainAccount,635d04151280c200015fead4,2022-10-29 16:14:37,GALAX-USDT,BUY,LIMIT,0.027,37.05,0.027,37.05,1.00035,1.00035,2022-11-04 03:51:26,0.0020007,USDT,deal
****4746,mainAccount,635d0428c4c3e100018d2de3,2022-10-29 16:14:56,GALAX-USDT,BUY,LIMIT,0.024,41.67,0.024,41.67,1.00008,1.00008,2022-11-04 03:53:25,0.00200016,USDT,deal
****4746,mainAccount,635d05ba6a9dcb0001d60703,2022-10-29 16:21:38,GALAX-USDT,BUY,LIMIT,0.021,47.62,0.021,47.62,1.00002,1.00002,2022-12-17 04:07:46,0.00200004,USDT,deal
****4746,mainAccount,635d05dea3b8780001e07a1a,2022-10-29 16:22:14,MBOX-USDT,BUY,LIMIT,0.531,1.89,0.531,1.89,1.00359,1.00359,2022-11-09 01:01:05,0.00100359,USDT,deal
****4746,mainAccount,635d05ec5f52390001d11aa5,2022-10-29 16:22:28,MBOX-USDT,BUY,LIMIT,0.472,2.12,0.472,2.12,1.00064,1.00064,2022-11-10 02:31:11,0.00100064,USDT,deal
****4746,mainAccount,635d060daf928700015c2147,2022-10-29 16:23:01,MBOX-USDT,BUY,LIMIT,0.413,2.4215,0.413,2.4215,1.0000795,1.0000795,2022-12-16 21:47:08,0.0010000795,USDT,deal
****4746,mainAccount,635d063b3b4e6900013e14f2,2022-10-29 16:23:47,EWT-USDT,BUY,LIMIT,3.744,0.268,3.744,0.268,1.003392,1.003392,2022-11-08 23:45:16,0.001003392,USDT,deal
****4746,mainAccount,635d0654a3b8780001e16d9f,2022-10-29 16:24:12,EWT-USDT,BUY,LIMIT,3.328,0.31,3.328,0.31,1.03168,1.03168,2022-11-09 23:45:06,0.00103168,USDT,deal
****4746,mainAccount,635d06708d0e7a0001ed0f0d,2022-10-29 16:24:40,EWT-USDT,BUY,LIMIT,2.912,0.35,2.912,0.35,1.0192,1.0192,2022-11-14 08:14:28,0.0010192,USDT,deal
****4746,mainAccount,635d06a4fe97f30001adb89c,2022-10-29 16:25:32,LSS-USDT,BUY,LIMIT,0.18,5.56,0.18,5.56,1.0008,1.0008,2022-11-09 14:47:30,0.0020016,USDT,deal
****4746,mainAccount,635d06c4fe97f30001ae4247,2022-10-29 16:26:04,LSS-USDT,BUY,LIMIT,0.16,7,0.16,7,1.12,1.12,2022-11-10 02:06:57,0.00224,USDT,deal
****4746,mainAccount,635d06d98bcb0f0001417c98,2022-10-29 16:26:25,LSS-USDT,BUY,LIMIT,0.14,8,0.14,8,1.12,1.12,2022-11-13 22:46:46,0.00224,USDT,deal
****4746,mainAccount,635d0734dd054800015694d3,2022-10-29 16:27:56,DGB-USDT,BUY,LIMIT,0.0081,250,0.0081,250,2.025,2.025,2022-11-08 23:39:59,0.002025,USDT,deal
****4746,mainAccount,635d075e8d0e7a0001ef603f,2022-10-29 16:28:38,ZIL-USDT,BUY,LIMIT,0.025,100,0.025,100,2.5,2.5,2022-11-09 01:00:40,0.0025,USDT,deal
****4746,mainAccount,635d0778b791bc0001032c1f,2022-10-29 16:29:04,VET-USDT,BUY,LIMIT,0.02,100,0.02,100,2,2,2022-11-10 02:47:13,0.002,USDT,deal
****4746,mainAccount,635d07b643963f0001657f64,2022-10-29 16:30:06,TRX-USDT,BUY,LIMIT,0.06,50,0.06,50,3,3,2022-11-08 09:43:55,0.003,USDT,deal
****4746,mainAccount,635d07fafe97f30001b0fdf9,2022-10-29 16:31:14,GRT-USDT,BUY,LIMIT,0.08,10,0.08,10,0.8,0.8,2022-11-03 01:48:36,0.0008,USDT,deal
****4746,mainAccount,6364e85253b87b000172d1b9,2022-11-04 15:54:18,KCS-USDT,BUY,LIMIT,10.198,0.4332,10.198,0.4332,4.4177736,4.4177736,2022-11-04 16:04:35,0.0088355472,USDT,deal
****4746,mainAccount,6369e09fc4c3e10001b40162,2022-11-08 10:22:47,FTT-USDT,SELL,LIMIT,16.772,0.781,16.772,0.781,13.098932,13.098932,2022-11-08 10:22:47,0.013098932,USDT,deal
****4746,mainAccount,636b152a8b4ee2000161ddbe,2022-11-09 08:19:14,ENS-USDT,BUY,LIMIT,13.084,0.5,13.083,0.5,6.5415,6.5415,2022-11-09 08:19:14,0.0065415,USDT,deal
****4746,mainAccount,636bf72624133c0001a56a13,2022-11-10 00:23:26,VET-USDT,BUY,LIMIT,0.018,100,0.018,100,1.8,1.8,2022-11-14 09:49:06,0.0018,USDT,deal
****4746,mainAccount,636bf74fc35e4200012ac83e,2022-11-10 00:24:07,ZIL-USDT,BUY,LIMIT,0.02,100,0.02,100,2,2,2022-11-10 02:58:52,0.002,USDT,deal
****4746,mainAccount,636bf7939f5bea0001a3c2a6,2022-11-10 00:25:15,SHIB-USDT,BUY,LIMIT,0.0000085,150000,0.0000085,150000,1.275,1.275,2022-11-10 02:58:40,0.001275,USDT,deal
****4746,mainAccount,636bf80d71be1f00010437ff,2022-11-10 00:27:17,ICP-USDT,BUY,LIMIT,3.89,0.2,3.89,0.2,0.778,0.778,2022-11-10 00:29:01,0.000778,USDT,deal
****4746,mainAccount,636bf81de186870001bb906d,2022-11-10 00:27:33,ICP-USDT,BUY,LIMIT,3.5,0.2,3.5,0.2,0.7,0.7,2022-11-10 02:58:54,0.0007,USDT,deal
****4746,mainAccount,636bf86f237e940001bf7b17,2022-11-10 00:28:55,STORJ-USDT,BUY,LIMIT,0.3082,2,0.3077,2,0.6154,0.6154,2022-11-10 00:28:55,0.0006154,USDT,deal
****4746,mainAccount,636bf89709f56c00018ce214,2022-11-10 00:29:35,FLUX-USDT,BUY,LIMIT,0.4932,2,0.4932,2,0.9864,0.9864,2022-11-10 00:29:36,0.0009864,USDT,deal
****4746,mainAccount,636bf9036b5ea50001ca44b2,2022-11-10 00:31:23,FTM-USDT,BUY,LIMIT,0.18132,6,0.18113,6,1.08678,1.08678,2022-11-10 00:31:23,0.00108678,USDT,deal
****4746,mainAccount,636bf95024133c0001aa34ba,2022-11-10 00:32:40,REN-USDT,BUY,LIMIT,0.0858,10,0.0858,10,0.858,0.858,2022-11-10 00:40:21,0.000858,USDT,deal
****4746,mainAccount,636bf9694db7700001114e98,2022-11-10 00:33:05,BLOK-USDT,BUY,LIMIT,0.00259,100,0.00259,100,0.259,0.259,2022-11-10 00:33:05,0.000518,USDT,deal
****4746,mainAccount,636ca60a6b5ea500014040fb,2022-11-10 12:49:38,EWT-USDT,BUY,LIMIT,3.15,0.5,3.15,0.5,1.575,1.575,2022-11-12 19:34:19,0.001575,USDT,deal
****4746,mainAccount,636ca8fc37416b0001a184ca,2022-11-10 13:02:12,NEAR-USDT,BUY,LIMIT,2.2517,0.1088,2.2506,0.1088,0.24486528,0.24486528,2022-11-10 13:02:12,0.00024486528,USDT,deal
****4746,mainAccount,636cd998ff915f0001335598,2022-11-10 16:29:36,VET-BTC,BUY,LIMIT,0.0000012,41.6833,0.0000012,41.6833,0.00005001996,0.84247952702891721433,2022-11-12 15:36:48,0.00000005001996,BTC,deal
****4746,mainAccount,636cdb78b92c730001e9d73e,2022-11-10 16:37:36,DGB-USDT,BUY,LIMIT,0.00699,243.0384,0.006989,243.0384,1.6985953776,1.6985953776,2022-11-10 16:37:36,0.0016985953776,USDT,deal
****4746,mainAccount,6370bcda1498cf0001dff163,2022-11-13 15:16:02,DOT-USDT,SELL,MARKET,0,2.3239,5.7363,2.3239,13.33058757,13.33058757,2022-11-13 15:16:02,0.01333058757,USDT,deal
****4746,mainAccount,6370bd2f8a4028000101afb8,2022-11-13 15:17:27,VET-USDT,SELL,MARKET,0,513.2726,0.0194462,513.2726,9.98120163412,9.98120163412,2022-11-13 15:17:27,0.00998120163412,USDT,deal
****4746,mainAccount,6370bd44586e090001ef867d,2022-11-13 15:17:48,OCEAN-USDT,SELL,MARKET,0,68.5,0.1268,68.5,8.6858,8.6858,2022-11-13 15:17:48,0.0086858,USDT,deal
****4746,mainAccount,6370bd5156a93b000151dd47,2022-11-13 15:18:01,AVA-USDT,SELL,MARKET,0,15.19,0.563024183350888743,15.19,8.5523373451,8.5523373451,2022-11-13 15:18:02,0.0085523373451,USDT,deal
****4746,mainAccount,6370bd788316ee0001be2e2d,2022-11-13 15:18:40,BICO-USDT,SELL,MARKET,0,27.87,0.3077,27.87,8.575599,8.575599,2022-11-13 15:18:40,0.008575599,USDT,deal
****4746,mainAccount,6370bd97a4a3f90001fd54fb,2022-11-13 15:19:11,ZIL-USDT,SELL,MARKET,0,371.3719,0.02053,371.3719,7.624265107,7.624265107,2022-11-13 15:19:12,0.007624265107,USDT,deal
****4746,mainAccount,6370bdb1c077df0001d3e88b,2022-11-13 15:19:37,ENS-USDT,SELL,MARKET,0,0.585,12.068,0.585,7.05978,7.05978,2022-11-13 15:19:37,0.00705978,USDT,deal
****4746,mainAccount,6370bdd2da5ae90001e7f132,2022-11-13 15:20:10,KDA-USDT,SELL,MARKET,0,6.74,0.9468,6.74,6.381432,6.381432,2022-11-13 15:20:10,0.012762864,USDT,deal
****4746,mainAccount,6370bdfe4b96dd0001edef96,2022-11-13 15:20:54,DOGE-USDT,SELL,MARKET,0,71.59,0.08577,71.59,6.1402743,6.1402743,2022-11-13 15:20:54,0.0061402743,USDT,deal
****4746,mainAccount,6370be12fee1650001f03815,2022-11-13 15:21:14,ETH-USDT,SELL,MARKET,0,0.00441,1227.933047619047619048,0.00441,5.41518474,5.41518474,2022-11-13 15:21:14,0.00541518474,USDT,deal
****4746,mainAccount,6370be2f56a93b0001539d37,2022-11-13 15:21:43,MATIC-USDT,SELL,MARKET,0,5.881,0.9058,5.881,5.3270098,5.3270098,2022-11-13 15:21:44,0.0053270098,USDT,deal
****4746,mainAccount,6370be48c077df0001d50ab6,2022-11-13 15:22:08,SXP-USDT,SELL,MARKET,0,24.466,0.2156,24.466,5.2748696,5.2748696,2022-11-13 15:22:08,0.0052748696,USDT,deal
****4746,mainAccount,6370be754b96dd0001eed40d,2022-11-13 15:22:53,GLMR-USDT,SELL,MARKET,0,14.46,0.3621,14.46,5.235966,5.235966,2022-11-13 15:22:53,0.010471932,USDT,deal
****4746,mainAccount,6370be888316ee0001c03fba,2022-11-13 15:23:12,WAX-USDT,SELL,MARKET,0,88.5466,0.0516,88.5466,4.56900456,4.56900456,2022-11-13 15:23:12,0.00456900456,USDT,deal
****4746,mainAccount,6370be96420be400012fa2a4,2022-11-13 15:23:26,GRT-USDT,SELL,MARKET,0,75,0.06076,75,4.557,4.557,2022-11-13 15:23:26,0.004557,USDT,deal
****4746,mainAccount,6370beae1498cf0001e37da4,2022-11-13 15:23:50,MOVR-USDT,SELL,MARKET,0,0.4878,8.0858,0.4878,3.94425324,3.94425324,2022-11-13 15:23:51,0.00788850648,USDT,deal
****4746,mainAccount,6370bf901498cf0001e51f69,2022-11-13 15:27:36,HNT-USDT,SELL,MARKET,0,1.383,2.502,1.383,3.460266,3.460266,2022-11-13 15:27:36,0.003460266,USDT,deal
****4746,mainAccount,6370bfb08e168100012db31d,2022-11-13 15:28:08,LINA-USDT,SELL,MARKET,0,597.27,0.005783,597.27,3.45401241,3.45401241,2022-11-13 15:28:08,0.00345401241,USDT,deal
****4746,mainAccount,6370bfc3da4d6c0001a79cc6,2022-11-13 15:28:27,NKN-USDT,SELL,MARKET,0,45,0.074072360175555556,45,3.3332562079,3.3332562079,2022-11-13 15:28:27,0.0033332562079,USDT,deal
****4746,mainAccount,6370bfecda5ae90001ebd48c,2022-11-13 15:29:08,SAND-USDT,SELL,MARKET,0,5.807,0.5745,5.807,3.3361215,3.3361215,2022-11-13 15:29:08,0.0033361215,USDT,deal
****4746,mainAccount,6370bff68316ee0001c2d48d,2022-11-13 15:29:18,LRC-USDT,SELL,MARKET,0,13.77,0.241,13.77,3.31857,3.31857,2022-11-13 15:29:18,0.00331857,USDT,deal
****4746,mainAccount,6370c0054b96dd0001f1aaac,2022-11-13 15:29:33,GALAX-USDT,SELL,MARKET,0,106.039,0.02943,106.039,3.12072777,3.12072777,2022-11-13 15:29:34,0.00624145554,USDT,deal
****4746,mainAccount,6370c01ac077df0001d85bbe,2022-11-13 15:29:54,HBAR-USDT,SELL,MARKET,0,67,0.04611,67,3.08937,3.08937,2022-11-13 15:29:54,0.00308937,USDT,deal
****4746,mainAccount,6370c02cb92c73000100ff89,2022-11-13 15:30:12,CAKE-USDT,SELL,MARKET,0,0.75,3.979,0.75,2.98425,2.98425,2022-11-13 15:30:12,0.00298425,USDT,deal
****4746,mainAccount,6370c057586e090001f55672,2022-11-13 15:30:55,ICP-USDT,SELL,MARKET,0,0.755,3.73,0.755,2.81615,2.81615,2022-11-13 15:30:55,0.00281615,USDT,deal
****4746,mainAccount,6370c071586e090001f59118,2022-11-13 15:31:21,FLOW-USDT,SELL,MARKET,0,2.36,1.176,2.36,2.77536,2.77536,2022-11-13 15:31:21,0.00277536,USDT,deal
****4746,mainAccount,6370c080c077df0001d9291b,2022-11-13 15:31:36,ANKR-USDT,SELL,MARKET,0,135,0.01971502657037037,135,2.661528587,2.661528587,2022-11-13 15:31:36,0.002661528587,USDT,deal
****4746,mainAccount,6370c092ff915f00014ec1c7,2022-11-13 15:31:54,AERGO-USDT,SELL,MARKET,0,25.35,0.0947,25.35,2.400645,2.400645,2022-11-13 15:31:54,0.002400645,USDT,deal
****4746,mainAccount,6370c09db92c73000101de46,2022-11-13 15:32:05,SHIB-USDT,SELL,MARKET,0,150000,0.00000911,150000,1.3665,1.3665,2022-11-13 15:32:05,0.0013665,USDT,deal
****4746,mainAccount,6370c0b1bedbd40001f09732,2022-11-13 15:32:25,BTT-USDT,SELL,MARKET,0,3426434,0.0000006828,3426434,2.3395691352,2.3395691352,2022-11-13 15:32:25,0.0023395691352,USDT,deal
****4746,mainAccount,6370c0d6c077df0001d9d548,2022-11-13 15:33:02,FIDA-USDT,SELL,MARKET,0,10,0.21511684,10,2.1511684,2.1511684,2022-11-13 15:33:02,0.0021511684,USDT,deal
****4746,mainAccount,6370c0e9fee1650001f58d4c,2022-11-13 15:33:21,FTM-USDT,SELL,MARKET,0,11,0.17834,11,1.96174,1.96174,2022-11-13 15:33:21,0.00196174,USDT,deal
****4746,mainAccount,6370c0f44b96dd0001f3871d,2022-11-13 15:33:32,CSPR-USDT,SELL,MARKET,0,62.9084,0.03101,62.9084,1.950789484,1.950789484,2022-11-13 15:33:32,0.003901578968,USDT,deal
****4746,mainAccount,6370c0fe4317d60001f846d5,2022-11-13 15:33:42,MBOX-USDT,SELL,MARKET,0,4.01,0.459017725685785536,4.01,1.84066108,1.84066108,2022-11-13 15:33:42,0.00184066108,USDT,deal
****4746,mainAccount,6370c1154317d60001f87262,2022-11-13 15:34:05,UTK-BTC,SELL,MARKET,0,17.4389,0.000005677800319974,17.4389,0.000099014592,1.65744474731334360147,2022-11-13 15:34:05,0.000000099014592,BTC,deal
****4746,mainAccount,6370c122da5ae90001ee35f4,2022-11-13 15:34:18,BTC-USDT,SELL,MARKET,0,0.00009906,16570.1,0.00009906,1.641434106,1.641434106,2022-11-13 15:34:18,0,USDT,deal
****4746,mainAccount,6370c12ec077df0001da89a8,2022-11-13 15:34:30,RSR-USDT,SELL,MARKET,0,385,0.003964,385,1.52614,1.52614,2022-11-13 15:34:30,0.00152614,USDT,deal
****4746,mainAccount,6370c137c077df0001da9d5a,2022-11-13 15:34:39,REN-USDT,SELL,MARKET,0,18.4589,0.0744,18.4589,1.37334216,1.37334216,2022-11-13 15:34:39,0.00137334216,USDT,deal
****4746,mainAccount,6370c1408a40280001098572,2022-11-13 15:34:48,1INCH-USDT,SELL,MARKET,0,2.35,0.4968,2.35,1.16748,1.16748,2022-11-13 15:34:48,0.00116748,USDT,deal
****4746,mainAccount,6370c1504b96dd0001f43c9d,2022-11-13 15:35:04,CTSI-USDT,SELL,MARKET,0,11,0.1004,11,1.1044,1.1044,2022-11-13 15:35:04,0.0011044,USDT,deal
****4746,mainAccount,6370c15e4b96dd0001f454ba,2022-11-13 15:35:18,MANA-USDT,SELL,MARKET,0,2.3,0.44061,2.3,1.013403,1.013403,2022-11-13 15:35:19,0.001013403,USDT,deal
****4746,mainAccount,6370c168a4a3f90001048ad4,2022-11-13 15:35:28,FLUX-USDT,SELL,MARKET,0,2,0.4237,2,0.8474,0.8474,2022-11-13 15:35:28,0.0008474,USDT,deal
****4746,mainAccount,6370c180da4d6c0001aaf4ac,2022-11-13 15:35:52,CRO-USDT,SELL,MARKET,0,11,0.0652,11,0.7172,0.7172,2022-11-13 15:35:52,0.0007172,USDT,deal
****4746,mainAccount,6370c18b1498cf0001e8e88c,2022-11-13 15:36:03,STORJ-USDT,SELL,MARKET,0,2,0.2902,2,0.5804,0.5804,2022-11-13 15:36:03,0.0005804,USDT,deal
****4746,mainAccount,6370c1b0586e090001f8003b,2022-11-13 15:36:40,XVS-USDT,SELL,MARKET,0,0.141,3.8837,0.141,0.5476017,0.5476017,2022-11-13 15:36:40,0.0005476017,USDT,deal
****4746,mainAccount,6370c1c9586e090001f82ea3,2022-11-13 15:37:05,ADA-USDT,SELL,MARKET,0,1,0.329573,1,0.329573,0.329573,2022-11-13 15:37:05,0.000329573,USDT,deal
****4746,mainAccount,6370c232420be4000136849f,2022-11-13 15:38:50,NEAR-USDT,BUY,MARKET,0,0,1.9094,112.4768,214.76320192,214.76320192,2022-11-13 15:38:50,0.21476320192,USDT,part_deal
****4746,mainAccount,6370c27f1498cf0001eac697,2022-11-13 15:40:07,DOT-USDT,SELL,MARKET,0,0.35,5.7,0.35,1.995,1.995,2022-11-13 15:40:07,0.001995,USDT,deal
****4746,mainAccount,6370c28d8316ee0001c7e17c,2022-11-13 15:40:21,SHIB-USDT,SELL,MARKET,0,110000,0.00000904,110000,0.9944,0.9944,2022-11-13 15:40:21,0.0009944,USDT,deal
****4746,mainAccount,6370c2bada4d6c0001ad5ba7,2022-11-13 15:41:06,NEAR-USDT,BUY,MARKET,0,0,1.9095,1.6764,3.2010858,3.2010858,2022-11-13 15:41:06,0.0032010858,USDT,part_deal
****4746,mainAccount,637630a2da4d6c000112508e,2022-11-17 18:31:22,NEAR-USDT,BUY,LIMIT,1.8621,14.303,1.8596,14.303,26.5978588,26.5978588,2022-11-17 18:31:22,0.0265978588,USDT,deal
****4746,mainAccount,63763db78a40280001888077,2022-11-17 19:27:11,NEAR-USDT,BUY,LIMIT,1.8314,24.2972,1.8314,24.2972,44.49789208,44.49789208,2022-11-17 19:27:11,0.04449789208,USDT,deal
